../BBCZ80/EXEC.asm:
     1                          ;		TITLE	BBC BASIC (C) R.T.RUSSELL 1981-2025
     2                          ;
     3                          ;BBC BASIC INTERPRETER - Z80 VERSION
     4                          ;STATEMENT EXECUTION MODULE - "EXEC"
     5                          ;(C) COPYRIGHT R.T.RUSSELL 1981-2025
     6                          ;
     7                          ;THE NAME BBC BASIC IS USED WITH THE PERMISSION
     8                          ;OF THE BRITISH BROADCASTING CORPORATION AND IS
     9                          ;NOT TRANSFERRABLE TO A FORKED OR DERIVED WORK.
    10                          ;
    11                          ;VERSION 2.1, 22-01-1984
    12                          ;VERSION 3.1, 11-06-1987
    13                          ;VERSION 5.0, 12-07-2024
    14                          ;VERSION 5.1, 28-12-2024
    15                          ;VERSION 5.2, 11-01-2025
    16                          ;VERSION 5.3, 31-01-2025
    17                          ;
    18                          	SECTION	BASIC
    19                          
    20                          	GLOBAL	XEQ
    21                          	GLOBAL	RUN0
    22                          	GLOBAL	CHAIN0
    23                          	GLOBAL	CHECK
    24                          	GLOBAL	MUL16
    25                          	GLOBAL	X14OR5
    26                          	GLOBAL	TERMQ
    27                          	GLOBAL	STOREN
    28                          	GLOBAL	STORE4
    29                          	GLOBAL	STORE5
    30                          	GLOBAL	STACCS
    31                          	GLOBAL	SPACES
    32                          	GLOBAL	FN
    33                          	GLOBAL	USR
    34                          	GLOBAL	ESCAPE
    35                          	GLOBAL	SYNTAX
    36                          	GLOBAL	CHANEL
    37                          	GLOBAL	CHNL
    38                          	GLOBAL	VAR
    39                          	GLOBAL	TABIT
    40                          	GLOBAL	MODIFY
    41                          	GLOBAL	MODIFS
    42                          ;
    43                          	EXTERN	ASSEM
    44                          	EXTERN	ERROR
    45                          	EXTERN	REPORT
    46                          	EXTERN	WARM
    47                          	EXTERN	CLOOP
    48                          	EXTERN	SAYLN
    49                          	EXTERN	LOAD0
    50                          	EXTERN	CRLF
    51                          	EXTERN	PBCDL
    52                          	EXTERN	TELL
    53                          	EXTERN	FINDL
    54                          	EXTERN	SETLIN
    55                          	EXTERN	CLEAR
    56                          	EXTERN	GETVAR
    57                          	EXTERN	PUTVAR
    58                          	EXTERN	GETDEF
    59                          	EXTERN	LOCATE
    60                          	EXTERN	CREATE
    61                          	EXTERN	OUTCHR
    62                          	EXTERN	EXTERR
    63                          	EXTERN	BYE
    64                          	EXTERN	NXT
    65                          	EXTERN	NLIST
    66                          	EXTERN	CSRON
    67                          	EXTERN	CSROFF
    68                          ;
    69                          	EXTERN	OSWRCH
    70                          	EXTERN	OSLINE
    71                          	EXTERN	OSSHUT
    72                          	EXTERN	OSBPUT
    73                          	EXTERN	OSBGET
    74                          	EXTERN	CLRSCN
    75                          	EXTERN	PUTCSR
    76                          	EXTERN	PUTIME
    77                          	EXTERN	PUTIMS
    78                          	EXTERN	PUTPTR
    79                          	EXTERN	OSCALL
    80                          	EXTERN	OSCLI
    81                          	EXTERN	TRAP
    82                          ;
    83                          	EXTERN	SOUND
    84                          	EXTERN	CLG
    85                          	EXTERN	DRAW
    86                          	EXTERN	ENVEL
    87                          	EXTERN	GCOL
    88                          	EXTERN	MODE
    89                          	EXTERN	MOVE
    90                          	EXTERN	PLOT
    91                          	EXTERN	COLOUR
    92                          	EXTERN	CIRCLE
    93                          	EXTERN	ELLIPS
    94                          	EXTERN	FILL
    95                          	EXTERN	MOUSE
    96                          	EXTERN	ORIGIN
    97                          	EXTERN	RECTAN
    98                          	EXTERN	LINE
    99                          	EXTERN	WAIT
   100                          	EXTERN	TINT
   101                          	EXTERN	SYS
   102                          ;
   103                          	EXTERN	STR
   104                          	EXTERN	HEXSTR
   105                          	EXTERN	EXPR
   106                          	EXTERN	EXPRN
   107                          	EXTERN	EXPRI
   108                          	EXTERN	EXPRS
   109                          	EXTERN	ITEMI
   110                          	EXTERN	CONS
   111                          	EXTERN	LOADS
   112                          	EXTERN	VAL0
   113                          	EXTERN	SFIX
   114                          	EXTERN	TEST
   115                          	EXTERN	LOAD4
   116                          	EXTERN	LOADN
   117                          	EXTERN	DLOAD5
   118                          	EXTERN	FPP
   119                          	EXTERN	COMMA
   120                          	EXTERN	BRAKET
   121                          	EXTERN	PUSHS
   122                          	EXTERN	POPS
   123                          	EXTERN	ZERO
   124                          	EXTERN	SCP
   125                          	EXTERN	LETARR
   126                          ;
   127                          	EXTERN	ACCS
   128                          	EXTERN	PAGE
   129                          	EXTERN	LOMEM
   130                          	EXTERN	HIMEM
   131                          	EXTERN	FREE
   132                          	EXTERN	BUFFER
   133                          	EXTERN	ERRTRP
   134                          	EXTERN	ONERSP
   135                          	EXTERN	CURLIN
   136                          	EXTERN	COUNT
   137                          	EXTERN	WIDTH
   138                          	EXTERN	STAVAR
   139                          	EXTERN	DATPTR
   140                          	EXTERN	RANDOM
   141                          	EXTERN	TRACEN
   142                          	EXTERN	LISTON
   143                          	EXTERN	PC
   144                          	EXTERN	OC
   145                          ;
   146                          LF	EQU	0AH
   147                          CR	EQU	0DH
   148                          TAND	EQU	80H
   149                          TOR	EQU	84H
   150                          TERROR	EQU	85H
   151                          TLINE	EQU	86H
   152                          TOFF	EQU	87H
   153                          TSTEP	EQU	88H
   154                          TSPC	EQU	89H
   155                          TTAB	EQU	8AH
   156                          TELSE	EQU	8BH
   157                          TTHEN	EQU	8CH
   158                          TLINO	EQU	8DH
   159                          TTO	EQU	0B8H
   160                          TCMD	EQU	0C0H
   161                          TWHILE	EQU	0C7H
   162                          TWHEN	EQU	0C9H
   163                          TOF	EQU	0CAH
   164                          TENDCASE EQU	0CBH
   165                          TOTHERWISE EQU	0CCH
   166                          TENDIF	EQU	0CDH
   167                          TENDWHILE EQU	0CEH
   168                          TCALL	EQU	0D6H
   169                          TDATA	EQU	0DCH
   170                          TDEF	EQU	0DDH
   171                          TFOR	EQU	0E3H
   172                          TGOSUB	EQU	0E4H
   173                          TGOTO	EQU	0E5H
   174                          TLOCAL	EQU	0EAH
   175                          TNEXT	EQU	0EDH
   176                          TON	EQU	0EEH
   177                          TPROC	EQU	0F2H
   178                          TREM	EQU	0F4H
   179                          TREPEAT	EQU	0F5H
   180                          TRETURN	EQU	0F8H
   181                          TSTOP	EQU	0FAH
   182                          TUNTIL	EQU	0FDH
   183                          TEXIT	EQU	10H
   184                          ;
   185  0000  cf0c              CMDTAB:	DEFW	LEFTSL
   186  0002  e30c              	DEFW	MIDSL
   187  0004  d90c              	DEFW	RITESL
   188  0006  3a02              	DEFW	SYNTAX	;STR$
   189  0008  3a02              	DEFW	SYNTAX	;STRING$
   190  000a  3a02              	DEFW	SYNTAX	;EOF
   191  000c  3a02              	DEFW	SYNTAX	;SUM
   192  000e  800a              	DEFW	WHILE
   193  0010  b109              	DEFW	CASE
   194  0012  3a02              	DEFW	SYNTAX	;WHEN
   195  0014  3a02              	DEFW	SYNTAX	;OF
   196  0016  f400              	DEFW	XEQ	;ENDCASE
   197  0018  3a02              	DEFW	SYNTAX	;OTHERWISE
   198  001a  f400              	DEFW	XEQ	;ENDIF
   199  001c  9d0a              	DEFW	ENDWHI	;ENDWHILE
   200  001e  5b0b              	DEFW	PTR
   201  0020  6f0b              	DEFW	PAGEV
   202  0022  7d0b              	DEFW	TIMEV
   203  0024  9c0b              	DEFW	LOMEMV
   204  0026  ae0b              	DEFW	HIMEMV
   205  0028  0000              	DEFW	SOUND
   206  002a  2d0c              	DEFW	BPUT
   207  002c  640c              	DEFW	CALL
   208  002e  a700              	DEFW	CHAIN
   209  0030  f00a              	DEFW	CLR
   210  0032  250c              	DEFW	CLOSE
   211  0034  0000              	DEFW	CLG
   212  0036  cf0a              	DEFW	CLS
   213  0038  8c01              	DEFW	REM		;DATA
   214  003a  8c01              	DEFW	REM		;DEF
   215  003c  9802              	DEFW	DIM
   216  003e  0000              	DEFW	DRAW
   217  0040  2e01              	DEFW	END
   218  0042  d707              	DEFW	ENDPRO
   219  0044  0000              	DEFW	ENVEL
   220  0046  6e05              	DEFW	FOR
   221  0048  2505              	DEFW	GOSUB
   222  004a  0e05              	DEFW	GOTO
   223  004c  0000              	DEFW	GCOL
   224  004e  2309              	DEFW	IF
   225  0050  3c08              	DEFW	INPUT
   226  0052  fc01              	DEFW	LET
   227  0054  6d07              	DEFW	LOCAL
   228  0056  0000              	DEFW	MODE
   229  0058  0000              	DEFW	MOVE
   230  005a  bb05              	DEFW	NEXT
   231  005c  9404              	DEFW	ON
   232  005e  f60b              	DEFW	VDU
   233  0060  0000              	DEFW	PLOT
   234  0062  a003              	DEFW	PRINT
   235  0064  4106              	DEFW	PROC
   236  0066  da08              	DEFW	READ
   237  0068  8c01              	DEFW	REM
   238  006a  3f05              	DEFW	REPEAT
   239  006c  eb0a              	DEFW	REPOR
   240  006e  090b              	DEFW	RESTOR
   241  0070  3005              	DEFW	RETURN
   242  0072  a200              	DEFW	RUN
   243  0074  d80a              	DEFW	STOP
   244  0076  0000              	DEFW	COLOUR
   245  0078  dd0b              	DEFW	TRACE
   246  007a  4705              	DEFW	UNTIL
   247  007c  d30b              	DEFW	WIDTHV
   248  007e  6301              	DEFW	CLI		;OSCLI
   249  0080  8c01              	DEFW	REM		;NUL
   250  0082  0000              	DEFW	CIRCLE
   251  0084  0000              	DEFW	ELLIPS
   252  0086  0000              	DEFW	FILL
   253  0088  0000              	DEFW	MOUSE
   254  008a  0000              	DEFW	ORIGIN
   255  008c  0000              	DEFW	BYE		;QUIT
   256  008e  0000              	DEFW	RECTAN
   257  0090  b901              	DEFW	SWAP
   258  0092  0000              	DEFW	SYS
   259  0094  0000              	DEFW	TINT
   260  0096  0000              	DEFW	WAIT
   261  0098  3a02              	DEFW	SYNTAX		;INSTALL
   262  009a  8c01              	DEFW	REM		;CR
   263  009c  f50d              	DEFW	PUT		;Token changed
   264  009e  3a02              	DEFW	SYNTAX		;BY
   265  00a0  7b0d              	DEFW	EXIT
   266                          ;
   267                          TLAST	EQU	TCMD-128+($-CMDTAB)/2
   268                          ;
   269  00a2  cd9111            RUN:	CALL	TERMQ
   270  00a5  280d              	JR	Z,RUN0
   271  00a7  cd0000            CHAIN:	CALL	EXPRS
   272  00aa  3e0d              	LD	A,CR
   273  00ac  12                	LD	(DE),A
   274  00ad  ed7b0000          CHAIN0:	LD	SP,(HIMEM)
   275  00b1  cd0000            	CALL	LOAD0
   276  00b4  ed7b0000          RUN0:	LD	SP,(HIMEM)	;PREPARE FOR RUN
   277  00b8  dd210000          	LD	IX,RANDOM
   278  00bc  ed5f              RAND:	LD	A,R		;RANDOMISE (CARE!)
   279  00be  28fc              	JR	Z,RAND
   280  00c0  07                	RLCA
   281  00c1  07                	RLCA
   282  00c2  dd7703            	LD	(IX+3),A
   283  00c5  9f                	SBC	A,A
   284  00c6  dd7704            	LD	(IX+4),A
   285  00c9  cd0000            	CALL	CLEAR
   286  00cc  210000            	LD	HL,0
   287  00cf  220000            	LD	(ERRTRP),HL
   288  00d2  2a0000            	LD	HL,(PAGE)
   289  00d5  cd5412            	CALL	DSRCH		;LOOK FOR "DATA"
   290  00d8  220000            	LD	(DATPTR),HL	;SET DATA POINTER
   291  00db  fd2a0000          	LD	IY,(PAGE)
   292  00df  cd3601            XEQ0:	CALL	NEWLIN
   293  00e2  fd7e00            	LD	A,(IY)
   294  00e5  fe8b              	CP	TELSE
   295  00e7  ca8a09            	JP	Z,MELSE		;ELSE
   296  00ea  fec9              	CP	TWHEN
   297  00ec  ca9d09            	JP	Z,WHEN		;WHEN
   298  00ef  fecc              	CP	TOTHERWISE
   299  00f1  ca9d09            	JP	Z,WHEN
   300  00f4  fd220000          XEQ:	LD	(CURLIN),IY	;ERROR POINTER
   301  00f8  cd0000            	CALL	TRAP		;CHECK KEYBOARD
   302  00fb  cd0000            XEQ1:	CALL	NXT
   303  00fe  fd23              	INC	IY
   304  0100  fe3a              	CP	':'		;SEPARATOR
   305  0102  28f7              	JR	Z,XEQ1
   306  0104  fe0d              	CP	CR
   307  0106  28d7              	JR	Z,XEQ0		;NEW PROGRAM LINE
   308  0108  fe91              	CP	TLAST
   309  010a  eaee01            	JP	PE,LET0		;IMPLIED LET
   310  010d  d6c0              	SUB	TCMD
   311  010f  fa7101            	JP	M,EXTRAS
   312  0112  87                	ADD	A,A
   313  0113  4f                	LD	C,A
   314  0114  0600              	LD	B,0
   315  0116  210000            	LD	HL,CMDTAB
   316  0119  09                	ADD	HL,BC
   317  011a  7e                	LD	A,(HL)		;TABLE ENTRY
   318  011b  23                	INC	HL
   319  011c  66                	LD	H,(HL)
   320  011d  6f                	LD	L,A
   321  011e  cd0000            	CALL	NXT
   322  0121  e9                	JP	(HL)		;EXECUTE STATEMENT
   323                          ;
   324                          ;END
   325                          ;
   326  0122  fde5              ENDIM:	PUSH	IY
   327  0124  e1                	POP	HL
   328  0125  ed4b0000          	LD	BC,(PAGE)
   329  0129  ed42              	SBC	HL,BC		;IMMEDIATE MODE ?
   330  012b  da0000            	JP	C,CLOOP
   331  012e  1e00              END:	LD	E,0
   332  0130  cd0000            	CALL	OSSHUT		;CLOSE ALL FILES
   333  0133  c30000            	JP	WARM		;"Ready"
   334                          ;
   335  0136  fd7e00            NEWLIN:	LD	A,(IY+0)	;A=LINE LENGTH
   336  0139  010300            	LD	BC,3
   337  013c  fd09              	ADD	IY,BC
   338  013e  b7                	OR	A
   339  013f  28e1              	JR	Z,ENDIM		;LENGTH=0, EXIT
   340  0141  2a0000            	LD	HL,(TRACEN)
   341  0144  7c                	LD	A,H
   342  0145  b5                	OR	L
   343  0146  c8                	RET	Z
   344  0147  fd56ff            	LD	D,(IY-1)	;DE = LINE NUMBER
   345  014a  fd5efe            	LD	E,(IY-2)
   346  014d  ed52              	SBC	HL,DE
   347  014f  d8                	RET	C
   348  0150  eb                	EX	DE,HL
   349  0151  3e5b              	LD	A,'['		;TRACE
   350  0153  cd0000            	CALL	OUTCHR
   351  0156  cd0000            	CALL	PBCDL
   352  0159  3e5d              	LD	A,']'
   353  015b  cd0000            	CALL	OUTCHR
   354  015e  3e20              	LD	A,' '
   355  0160  c30000            	JP	OUTCHR
   356                          ;
   357                          ;ROUTINES FOR EACH STATEMENT:
   358                          ;
   359                          ;OSCLI
   360                          ;
   361  0163  cd0000            CLI:	CALL	EXPRS
   362  0166  3e0d              	LD	A,CR
   363  0168  12                	LD	(DE),A
   364  0169  210000            	LD	HL,ACCS
   365  016c  cd0000            	CALL	OSCLI
   366  016f  1883              	JR	XEQ
   367                          ;
   368  0171  fecb              EXTRAS:	CP	TELSE-TCMD
   369  0173  2817              	JR	Z,REM		;ELSE
   370  0175  fec5              	CP	TERROR-TCMD
   371  0177  2821              	JR	Z,THROW		;ERROR
   372  0179  fec6              	CP	TLINE-TCMD
   373  017b  ca0000            	JP	Z,LINE		;LINE
   374  017e  fec7              	CP	TOFF-TCMD
   375  0180  ca0000            	JP	Z,CSROFF	;OFF
   376  0183  c33a02            	JP	SYNTAX
   377                          ;
   378                          ;REM, *
   379                          ;
   380  0186  fde5              EXT:	PUSH	IY
   381  0188  e1                	POP	HL
   382  0189  cd0000            	CALL	OSCLI
   383  018c  fde5              REM:	PUSH	IY
   384  018e  e1                	POP	HL
   385  018f  3e0d              	LD	A,CR
   386  0191  47                	LD	B,A
   387  0192  edb1              	CPIR			;FIND LINE END
   388  0194  e5                	PUSH	HL
   389  0195  fde1              	POP	IY
   390  0197  c3df00            	JP	XEQ0
   391                          ;
   392                          ;ERROR num,string$
   393                          ;
   394  019a  cd0000            THROW:	CALL	EXPRI
   395  019d  d9                	EXX
   396  019e  e5                	PUSH	HL
   397  019f  d9                	EXX
   398  01a0  cd0000            	CALL	COMMA
   399  01a3  cd0000            	CALL	EXPRS
   400  01a6  e1                	POP	HL
   401  01a7  af                	XOR	A
   402  01a8  12                	LD	(DE),A
   403  01a9  7d                	LD	A,L
   404  01aa  210000            	LD	HL,ACCS
   405  01ad  110000            	LD	DE,BUFFER
   406  01b0  d5                	PUSH	DE
   407  01b1  010001            	LD	BC,256
   408  01b4  edb0              	LDIR
   409  01b6  c30000            	JP	EXTERR
   410                          ;
   411                          ; SWAP
   412                          ;
   413  01b9  cd0000            SWAP:	CALL	GETVAR
   414  01bc  200b              	JR	NZ,SWAPNZ
   415  01be  f5                	PUSH	AF
   416  01bf  e5                	PUSH	HL
   417  01c0  cd0000            	CALL	COMMA
   418  01c3  cd0000            	CALL	NXT
   419  01c6  cd0000            	CALL	GETVAR
   420  01c9  206c              SWAPNZ:	JR	NZ,NOSUCH
   421  01cb  d1                	POP	DE
   422  01cc  c1                	POP	BC
   423  01cd  b8                	CP	B
   424  01ce  2073              	JR	NZ,MISMAT
   425  01d0  e60f              	AND	00001111B
   426  01d2  286f              	JR	Z,MISMAT
   427  01d4  78                	LD	A,B
   428  01d5  e6c0              	AND	11000000B
   429  01d7  280a              	JR	Z,SWAP1
   430  01d9  0602              	LD	B,2
   431  01db  f2e301            	JP	P,SWAP1
   432  01de  eae301            	JP	PE,SWAP1
   433  01e1  0604              	LD	B,4
   434  01e3  4e                SWAP1:	LD	C,(HL)
   435  01e4  1a                	LD	A,(DE)
   436  01e5  77                	LD	(HL),A
   437  01e6  79                	LD	A,C
   438  01e7  12                	LD	(DE),A
   439  01e8  13                	INC	DE
   440  01e9  23                	INC	HL
   441  01ea  10f7              	DJNZ	SWAP1
   442  01ec  1827              	JR	XEQGO4
   443                          ;
   444                          ;[LET] var = expr
   445                          ;
   446  01ee  fe2a              LET0:	CP	'*'
   447  01f0  2894              	JR	Z,EXT
   448  01f2  fe3d              	CP	'='
   449  01f4  2870              	JR	Z,FNEND
   450  01f6  fe5b              	CP	'['
   451  01f8  2851              	JR	Z,ASM
   452  01fa  fd2b              	DEC	IY
   453  01fc  cd070e            LET:	CALL	ASSIGN
   454  01ff  caf400            	JP	Z,XEQ
   455  0202  3836              	JR	C,SYNTAX	;"Syntax error"
   456  0204  f20000            	JP	P,LETARR	;Numeric array
   457  0207  ea0000            	JP	PE,LETARR	;String array
   458  020a  d5                	PUSH	DE
   459  020b  e5                	PUSH	HL
   460  020c  cd0000            	CALL	EXPRS
   461  020f  dde1              	POP	IX
   462  0211  e1                	POP	HL
   463  0212  cd6f0e            	CALL	MODIFS
   464  0215  c3f400            XEQGO4:	JP	XEQ
   465                          ;
   466                          ; GETSTR - Get string variable
   467                          ;   Inputs: IY = text pointer
   468                          ;  Outputs: B = type
   469                          ;           Z-flag set if comma
   470                          ;
   471  0218  cd0000            GETSTR:	CALL	GETVAR
   472  021b  201a              	JR	NZ,NOSUCH
   473  021d  47                	LD	B,A
   474  021e  e6c0              	AND	11000000B
   475  0220  f24302            	JP	P,MISMAT
   476  0223  ea4002            	JP	PE,BADUSE
   477  0226  cb40              	BIT	0,B
   478  0228  2819              	JR	Z,MISMAT
   479  022a  cd0000            	CALL	NXT
   480  022d  fe2c              	CP	','
   481  022f  c9                	RET
   482                          ;
   483  0230  cd0000            VAR:	CALL	GETVAR
   484  0233  c8                	RET	Z
   485  0234  d20000            	JP	NC,PUTVAR
   486  0237  3e1a              NOSUCH:	LD	A,26		;'No such variable'
   487  0239  21                	DEFB	21H
   488  023a  3e10              SYNTAX:	LD	A,16		;"Syntax error"
   489  023c  21                	DEFB	21H
   490  023d  3e11              ESCAPE:	LD	A,17		;"Escape"
   491  023f  21                	DEFB	21H
   492  0240  3e0e              BADUSE:	LD	A,14		;'Bad use of array'
   493  0242  21                	DEFB	21H
   494  0243  3e06              MISMAT:	LD	A,6		;'Type mismatch'
   495  0245  c30000            ERROR0:	JP	ERROR
   496                          ;
   497  0248  cd3601            ASM0:	CALL	NEWLIN
   498  024b  fd220000          ASM:	LD	(CURLIN),IY
   499  024f  cd0000            	CALL	TRAP
   500  0252  cd0000            	CALL	ASSEM
   501  0255  38e3              	JR	C,SYNTAX
   502  0257  fe0d              	CP	CR
   503  0259  28ed              	JR	Z,ASM0
   504  025b  210000            	LD	HL,LISTON
   505  025e  7e                	LD	A,(HL)
   506  025f  e60f              	AND	0FH
   507  0261  f630              	OR	30H
   508  0263  77                	LD	(HL),A
   509  0264  18af              	JR	XEQGO4
   510                          ;
   511                          ;=
   512                          ;
   513  0266  cd0000            FNEND:	CALL	EXPR		;FUNCTION RESULT
   514  0269  08                	EX	AF,AF'
   515  026a  87                	ADD	A,A
   516  026b  7b                	LD	A,E
   517  026c  3801              	JR	C,FNEND1
   518  026e  79                	LD	A,C
   519  026f  08                FNEND1:	EX	AF,AF'
   520  0270  e5                	PUSH	HL
   521  0271  d9                	EXX
   522  0272  c1                	POP	BC
   523  0273  eb                	EX	DE,HL		;SAVE RESULT IN A'B'C'D'E'
   524  0274  d9                	EXX
   525  0275  c1                FNEND2:	POP	BC
   526  0276  214106            	LD	HL,FNCHK
   527  0279  af                	XOR	A
   528  027a  ed42              	SBC	HL,BC
   529  027c  280a              	JR	Z,FNEND3
   530  027e  c5                	PUSH	BC
   531  027f  cd8c10            	CALL	RESLOC
   532  0282  20f1              	JR	NZ,FNEND2
   533  0284  3e07              	LD	A,7
   534  0286  18bd              	JR	ERROR0		;"No FN"
   535                          ;
   536  0288  fde1              FNEND3:	POP	IY
   537  028a  fd220000          	LD	(CURLIN),IY	;IN CASE OF ERROR
   538  028e  d9                	EXX
   539  028f  eb                	EX	DE,HL
   540  0290  c5                	PUSH	BC
   541  0291  d9                	EXX
   542  0292  e1                	POP	HL
   543  0293  08                	EX	AF,AF'
   544  0294  5f                	LD	E,A
   545  0295  4f                	LD	C,A
   546  0296  1f                	RRA
   547  0297  c9                	RET
   548                          ;
   549                          ;DIM var(dim1[,dim2[,...]])[,var(...]
   550                          ;DIM var expr[,var expr...]
   551                          ;
   552  0298  fde5              DIM:	PUSH	IY
   553  029a  fe21              	CP	'!'
   554  029c  ca6903            	JP	Z,DIM4
   555  029f  cd0000            	CALL	LOCATE		;VARIABLE
   556  02a2  da5303            	JP	C,BADDIM
   557  02a5  c40000            	CALL	NZ,CREATE
   558  02a8  fd7e00            	LD	A,(IY)
   559  02ab  fe28              	CP	'('
   560  02ad  c26903            	JP	NZ,DIM4
   561  02b0  e5                	PUSH	HL
   562  02b1  dde1              	POP	IX
   563  02b3  7e                	LD	A,(HL)
   564  02b4  e6fe              	AND	0FEH
   565  02b6  23                	INC	HL
   566  02b7  b6                	OR	(HL)
   567  02b8  c26903            	JP	NZ,DIM4
   568  02bb  c1                	POP	BC		;LEVEL STACK
   569  02bc  7a                	LD	A,D
   570  02bd  2a0000            	LD	HL,(FREE)
   571  02c0  e5                	PUSH	HL
   572  02c1  dde3              	EX	(SP),IX
   573  02c3  e5                	PUSH	HL
   574  02c4  f5                	PUSH	AF		;SAVE TYPE
   575  02c5  110100            	LD	DE,1
   576  02c8  42                	LD	B,D		;DIMENSION COUNTER
   577  02c9  fd23              DIM1:	INC	IY
   578  02cb  c5                	PUSH	BC
   579  02cc  d5                	PUSH	DE
   580  02cd  dde5              	PUSH	IX
   581  02cf  cd0000            	CALL	EXPRI		;DIMENSION SIZE
   582  02d2  cb7c              	BIT	7,H
   583  02d4  207d              	JR	NZ,BADDIM
   584  02d6  d9                	EXX
   585  02d7  23                	INC	HL
   586  02d8  dde1              	POP	IX
   587  02da  dd23              	INC	IX
   588  02dc  dd7500            	LD	(IX),L		;SAVE SIZE
   589  02df  dd23              	INC	IX
   590  02e1  dd7400            	LD	(IX),H
   591  02e4  c1                	POP	BC
   592  02e5  cd1813            	CALL	MUL16		;HL=HL*BC
   593  02e8  386c              	JR	C,NOROOM	;TOO LARGE
   594  02ea  eb                	EX	DE,HL		;DE=PRODUCT
   595  02eb  c1                	POP	BC
   596  02ec  04                	INC	B		;DIMENSION COUNTER
   597  02ed  fd7e00            	LD	A,(IY)
   598  02f0  fe2c              	CP	','		;ANOTHER
   599  02f2  28d5              	JR	Z,DIM1
   600  02f4  dd23              	INC	IX
   601  02f6  cd0000            	CALL	BRAKET		;CLOSING BRACKET
   602  02f9  f1                	POP	AF		;RESTORE TYPE
   603  02fa  cd0813            	CALL	X14OR5		;DE=DE*n
   604  02fd  3857              	JR	C,NOROOM
   605  02ff  e1                	POP	HL
   606  0300  70                	LD	(HL),B		;NO. OF DIMENSIONS
   607  0301  dde3              	EX	(SP),IX
   608  0303  e1                	POP	HL
   609  0304  e680              	AND	80H
   610  0306  ddb600            	OR	(IX)		;FLAGS
   611                          ;
   612                          ;  A = flags: bit 7 = string, bit 0 = LOCAL
   613                          ; DE = amount to allocate
   614                          ; HL = where to allocate (if not LOCAL)
   615                          ; (HL - FREE is size of 'descriptor')
   616                          ; IX = where to store pointer
   617                          ;
   618  0309  e5                DIM3:	PUSH	HL
   619  030a  24                	INC	H		;Safety margin
   620  030b  19                	ADD	HL,DE
   621  030c  3848              	JR	C,NOROOM
   622  030e  ed72              	SBC	HL,SP
   623  0310  3044              	JR	NC,NOROOM
   624  0312  e1                	POP	HL
   625  0313  e5                	PUSH	HL
   626  0314  ed4b0000          	LD	BC,(FREE)
   627  0318  b7                	OR	A
   628  0319  ed42              	SBC	HL,BC
   629  031b  44                	LD	B,H
   630  031c  4d                	LD	C,L
   631  031d  e1                	POP	HL
   632  031e  ed42              	SBC	HL,BC
   633  0320  cb47              	BIT	0,A
   634  0322  2812              	JR	Z,ARRCHK	;NOT LOCAL
   635  0324  210000            	LD	HL,0
   636  0327  ed52              	SBC	HL,DE
   637  0329  b7                	OR	A
   638  032a  ed42              	SBC	HL,BC
   639  032c  39                	ADD	HL,SP
   640  032d  2807              	JR	Z,ARRCHK	;RESERVE NOTHING
   641  032f  f9                	LD	SP,HL
   642  0330  d5                	PUSH	DE
   643  0331  c5                	PUSH	BC
   644  0332  f5                	PUSH	AF
   645  0333  cd3603            	CALL	ARRCHK
   646  0336  dd7500            ARRCHK:	LD	(IX+0),L	;SAVE POINTER
   647  0339  dd7401            	LD	(IX+1),H
   648  033c  78                	LD	A,B
   649  033d  b1                	OR	C
   650  033e  2809              	JR	Z,DIM2
   651  0340  d5                	PUSH	DE
   652  0341  eb                	EX	DE,HL
   653  0342  2a0000            	LD	HL,(FREE)
   654  0345  edb0              	LDIR			;COPY DESCRIPTOR
   655  0347  eb                	EX	DE,HL
   656  0348  d1                	POP	DE
   657  0349  7a                DIM2:	LD	A,D
   658  034a  b3                	OR	E
   659  034b  280e              	JR	Z,DIM5
   660  034d  3600              	LD	(HL),0		;INITIALISE ARRAY
   661  034f  23                	INC	HL
   662  0350  1b                	DEC	DE
   663  0351  18f6              	JR	DIM2
   664                          ;
   665  0353  3e0a              BADDIM:	LD	A,10		;"Bad DIM"
   666  0355  21                	DEFB	21H
   667  0356  3e0b              NOROOM:	LD	A,11		;"DIM space"
   668  0358  c30000            ERROR1:	JP	ERROR
   669                          ;
   670  035b  ed72              DIM5:	SBC	HL,SP
   671  035d  3004              	JR	NC,DIM7		;LOCAL
   672  035f  39                	ADD	HL,SP
   673  0360  220000            	LD	(FREE),HL
   674  0363  cd0000            DIM7:	CALL	NLIST		;ANOTHER VARIABLE?
   675  0366  c39802            	JP	DIM
   676                          ;
   677  0369  fde1              DIM4:	POP	IY
   678  036b  cd3002            	CALL	VAR
   679  036e  b7                	OR	A
   680  036f  28e2              	JR	Z,BADDIM
   681  0371  fa5303            	JP	M,BADDIM
   682  0374  cb77              	BIT	6,A
   683  0376  20db              	JR	NZ,BADDIM
   684  0378  47                	LD	B,A		;TYPE
   685  0379  cd0000            	CALL	NXT
   686  037c  feea              	CP	TLOCAL
   687  037e  3e00              	LD	A,0		;PRESET TO NOT LOCAL
   688  0380  2003              	JR	NZ,DIM8
   689  0382  fd23              	INC	IY
   690  0384  3c                	INC	A		;FLAG LOCAL
   691  0385  f5                DIM8:	PUSH	AF
   692  0386  78                	LD	A,B		;TYPE
   693  0387  d9                	EXX
   694  0388  210000            	LD	HL,0
   695  038b  4c                	LD	C,H
   696  038c  cd470e            	CALL	STOREN		;RESERVED AREA
   697  038f  dde5              	PUSH	IX
   698  0391  cd0000            	CALL	EXPRI
   699  0394  dde1              	POP	IX
   700  0396  d9                	EXX
   701  0397  23                	INC	HL
   702  0398  eb                	EX	DE,HL
   703  0399  2a0000            	LD	HL,(FREE)
   704  039c  f1                	POP	AF		;LOCAL FLAG
   705  039d  c30903            	JP	DIM3
   706                          ;
   707                          ;PRINT list...
   708                          ;PRINT #channel,list...
   709                          ;
   710  03a0  fe23              PRINT:	CP	'#'
   711  03a2  2064              	JR	NZ,PRINT0
   712  03a4  cd3613            	CALL	CHNL		;CHANNEL NO. = E
   713  03a7  cd0000            PRNTN1:	CALL	NLIST
   714  03aa  d5                	PUSH	DE
   715  03ab  cd0000            	CALL	EXPR		;ITEM TO PRINT
   716  03ae  08                	EX	AF,AF'
   717  03af  facf03            	JP	M,PRNTN2	;STRING
   718  03b2  d1                	POP	DE
   719  03b3  c5                	PUSH	BC
   720  03b4  d9                	EXX
   721  03b5  7d                	LD	A,L
   722  03b6  d9                	EXX
   723  03b7  cd0000            	CALL	OSBPUT
   724  03ba  d9                	EXX
   725  03bb  7c                	LD	A,H
   726  03bc  d9                	EXX
   727  03bd  cd0000            	CALL	OSBPUT
   728  03c0  7d                	LD	A,L
   729  03c1  cd0000            	CALL	OSBPUT
   730  03c4  7c                	LD	A,H
   731  03c5  cd0000            	CALL	OSBPUT
   732  03c8  c1                	POP	BC
   733  03c9  79                	LD	A,C
   734  03ca  cd0000            	CALL	OSBPUT
   735  03cd  18d8              	JR	PRNTN1
   736  03cf  4b                PRNTN2:	LD	C,E
   737  03d0  d1                	POP	DE
   738  03d1  210000            	LD	HL,ACCS
   739  03d4  0c                	INC	C
   740  03d5  0d                PRNTN3:	DEC	C
   741  03d6  2809              	JR	Z,PRNTN4
   742  03d8  7e                	LD	A,(HL)
   743  03d9  23                	INC	HL
   744  03da  c5                	PUSH	BC
   745  03db  cd0000            	CALL	OSBPUT
   746  03de  c1                	POP	BC
   747  03df  18f4              	JR	PRNTN3
   748  03e1  3e0d              PRNTN4:	LD	A,CR
   749  03e3  cd0000            	CALL	OSBPUT
   750  03e6  18bf              	JR	PRNTN1
   751                          ;
   752  03e8  0602              PRINT6:	LD	B,2
   753  03ea  1822              	JR	PRINTC
   754  03ec  010001            PRINT8:	LD	BC,100H
   755  03ef  181d              	JR	PRINTC
   756  03f1  210000            PRINT9:	LD	HL,STAVAR
   757  03f4  af                	XOR	A
   758  03f5  be                	CP	(HL)
   759  03f6  2810              	JR	Z,PRINT0
   760  03f8  3a0000            	LD	A,(COUNT)
   761  03fb  b7                	OR	A
   762  03fc  280a              	JR	Z,PRINT0
   763  03fe  96                PRINTA:	SUB	(HL)
   764  03ff  2807              	JR	Z,PRINT0
   765  0401  30fb              	JR	NC,PRINTA
   766  0403  ed44              	NEG
   767  0405  cdfe11            	CALL	SPACES
   768  0408  3a0000            PRINT0:	LD	A,(STAVAR)
   769  040b  4f                	LD	C,A		;PRINTS
   770  040c  0600              	LD	B,0		;PRINTF
   771  040e  cd9111            PRINTC:	CALL	TERMQ
   772  0411  2838              	JR	Z,PRINT4
   773  0413  cb80              	RES	0,B
   774  0415  fd23              	INC	IY
   775  0417  fe7e              	CP	'~'
   776  0419  28cd              	JR	Z,PRINT6
   777  041b  fe3b              	CP	';'
   778  041d  28cd              	JR	Z,PRINT8
   779  041f  fe2c              	CP	','
   780  0421  28ce              	JR	Z,PRINT9
   781  0423  cdb711            	CALL	FORMAT		;SPC, TAB, '
   782  0426  28e6              	JR	Z,PRINTC
   783  0428  fd2b              	DEC	IY
   784  042a  c5                	PUSH	BC
   785  042b  cd0000            	CALL	EXPR		;VARIABLE TYPE
   786  042e  08                	EX	AF,AF'
   787  042f  fa4504            	JP	M,PRINT3	;STRING
   788  0432  d1                	POP	DE
   789  0433  d5                	PUSH	DE
   790  0434  cb4a              	BIT	1,D
   791  0436  f5                	PUSH	AF
   792  0437  cc0000            	CALL	Z,STR		;DECIMAL
   793  043a  f1                	POP	AF
   794  043b  c40000            	CALL	NZ,HEXSTR	;HEX
   795  043e  c1                	POP	BC
   796  043f  c5                	PUSH	BC
   797  0440  79                	LD	A,C
   798  0441  93                	SUB	E
   799  0442  d4fe11            	CALL	NC,SPACES		;RIGHT JUSTIFY
   800  0445  c1                PRINT3:	POP	BC
   801  0446  cd0c12            	CALL	PTEXT		;PRINT
   802  0449  18c3              	JR	PRINTC
   803  044b  cb40              PRINT4:	BIT	0,B
   804  044d  cc0000            	CALL	Z,CRLF
   805  0450  183f              	JR	XEQGO3
   806                          ;
   807  0452  fd23              ONERR:	INC	IY		;SKIP "ERROR"
   808  0454  cd0000            	CALL	NXT
   809  0457  210000            	LD	HL,0		;FLAG NOT LOCAL
   810  045a  feea              	CP	TLOCAL
   811  045c  201d              	JR	NZ,ONERR1
   812  045e  fd23              	INC	IY		;SKIP "LOCAL"
   813  0460  2a0000            	LD	HL,(ERRTRP)
   814  0463  e5                	PUSH	HL
   815  0464  2a0000            	LD	HL,(ONERSP)
   816  0467  e5                	PUSH	HL
   817  0468  210004            	LD	HL,400H		;TYPE = 4, 'EXPONENT' = 0
   818  046b  e5                	PUSH	HL
   819  046c  210000            	LD	HL,ERRTRP
   820  046f  e5                	PUSH	HL
   821  0470  218511            	LD	HL,LOCCHK
   822  0473  e5                	PUSH	HL
   823  0474  210000            	LD	HL,0
   824  0477  39                	ADD	HL,SP
   825  0478  cd0000            	CALL	NXT
   826  047b  220000            ONERR1:	LD	(ONERSP),HL
   827  047e  fd220000          	LD	(ERRTRP),IY
   828  0482  fe87              	CP	TOFF
   829  0484  c28c01            	JP	NZ,REM
   830  0487  fd23              	INC	IY		;SKIP "OFF"
   831  0489  ed62              	SBC	HL,HL
   832  048b  220000            	LD	(ONERSP),HL
   833  048e  220000            	LD	(ERRTRP),HL
   834  0491  c3f400            XEQGO3:	JP	XEQ
   835                          ;
   836                          ;ON expr GOTO line[,line...] [ELSE statement]
   837                          ;ON expr GOTO line[,line...] [ELSE line]
   838                          ;ON expr GOSUB line[,line...] [ELSE statement]
   839                          ;ON expr GOSUB line[,line...] [ELSE line]
   840                          ;ON expr PROCone [,PROCtwo..] [ELSE PROCotherwise]
   841                          ;ON ERROR [LOCAL] statement [:statement...]
   842                          ;ON ERROR [LOCAL] OFF
   843                          ;
   844  0494  cd9111            ON:	CALL	TERMQ
   845  0497  ca0000            	JP	Z,CSRON
   846  049a  fe85              	CP	TERROR
   847  049c  28b4              	JR	Z,ONERR		;"ON ERROR"
   848  049e  cd0000            	CALL	EXPRI
   849  04a1  fd7e00            	LD	A,(IY)
   850  04a4  fd23              	INC	IY
   851  04a6  1e2c              	LD	E,','		;SEPARATOR
   852  04a8  fee5              	CP	TGOTO
   853  04aa  280b              	JR	Z,ON1
   854  04ac  fee4              	CP	TGOSUB
   855  04ae  2807              	JR	Z,ON1
   856  04b0  1ef2              	LD	E,TPROC
   857  04b2  bb                	CP	E
   858  04b3  3e27              	LD	A,39
   859  04b5  204f              	JR	NZ,ERROR2	;"ON syntax"
   860  04b7  57                ON1:	LD	D,A
   861  04b8  d9                	EXX
   862  04b9  e5                	PUSH	HL
   863  04ba  d9                	EXX
   864  04bb  c1                	POP	BC		;ON INDEX
   865  04bc  78                	LD	A,B
   866  04bd  b4                	OR	H
   867  04be  b5                	OR	L
   868  04bf  2032              	JR	NZ,ON4		;OUT OF RANGE
   869  04c1  b1                	OR	C
   870  04c2  282f              	JR	Z,ON4
   871  04c4  0d                	DEC	C
   872  04c5  2811              	JR	Z,ON3		;INDEX=1
   873  04c7  cd9111            ON2:	CALL	TERMQ
   874  04ca  2827              	JR	Z,ON4		;OUT OF RANGE
   875  04cc  fd23              	INC	IY		;SKIP DELIMITER
   876  04ce  fe22              	CP	'"'
   877  04d0  281a              	JR	Z,ON5
   878  04d2  bb                	CP	E
   879  04d3  20f2              	JR	NZ,ON2
   880  04d5  0d                	DEC	C
   881  04d6  20ef              	JR	NZ,ON2
   882  04d8  7b                ON3:	LD	A,E
   883  04d9  fef2              	CP	TPROC
   884  04db  282c              	JR	Z,ONPROC
   885  04dd  d5                	PUSH	DE
   886  04de  cd0000            	CALL	ITEMI		;LINE NUMBER
   887  04e1  d1                	POP	DE
   888  04e2  7a                	LD	A,D
   889  04e3  fee5              	CP	TGOTO
   890  04e5  2830              	JR	Z,GOTO2
   891  04e7  cd9d11            	CALL	SPAN		;SKIP REST OF LIST
   892  04ea  183c              	JR	GOSUB1
   893                          ;
   894  04ec  cdf412            ON5:	CALL	QUOTE
   895  04ef  fd23              	INC	IY
   896  04f1  18d4              	JR	ON2
   897                          ;
   898  04f3  fd7e00            ON4:	LD	A,(IY)
   899  04f6  fd23              	INC	IY
   900  04f8  fe8b              	CP	TELSE
   901  04fa  ca3c09            	JP	Z,IF1		;ELSE CLAUSE
   902  04fd  fe0d              	CP	CR
   903  04ff  20f2              	JR	NZ,ON4
   904  0501  3e28              	LD	A,40		;'ON range'
   905  0503  21                	DEFB	21H
   906  0504  3e22              FORVAR:	LD	A,34		;'FOR variable'
   907  0506  c30000            ERROR2:	JP	ERROR
   908                          ;
   909  0509  3eee              ONPROC:	LD	A,TON
   910  050b  c34106            	JP	PROC
   911                          ;
   912                          ;GOTO line
   913                          ;
   914  050e  cd0000            GOTO:	CALL	ITEMI		;LINE NUMBER
   915  0511  cd9111            GOTO1:	CALL	TERMQ
   916  0514  c23a02            	JP	NZ,SYNTAX
   917  0517  d9                GOTO2:	EXX
   918  0518  cd0000            	CALL	FINDL
   919  051b  e5                	PUSH	HL
   920  051c  fde1              	POP	IY
   921  051e  cadf00            	JP	Z,XEQ0
   922  0521  3e29              	LD	A,41
   923  0523  18e1              	JR	ERROR2		;"No such line"
   924                          ;
   925                          ;GOSUB line
   926                          ;
   927  0525  cd0000            GOSUB:	CALL	ITEMI		;LINE NUMBER
   928  0528  fde5              GOSUB1:	PUSH	IY		;TEXT POINTER
   929  052a  cde10e            	CALL	CHECK		;CHECK ROOM
   930  052d  cd1105            	CALL	GOTO1		;SAVE MARKER
   931                          GOSCHK	EQU	$
   932                          ;
   933                          ;RETURN
   934                          ;
   935  0530  d1                RETURN:	POP	DE		;MARKER
   936  0531  213005            	LD	HL,GOSCHK
   937  0534  b7                	OR	A
   938  0535  ed52              	SBC	HL,DE
   939  0537  fde1              	POP	IY
   940  0539  2830              	JR	Z,XEQGO2
   941  053b  3e26              	LD	A,38
   942  053d  18c7              	JR	ERROR2		;"No GOSUB"
   943                          ;
   944                          ;REPEAT
   945                          ;
   946  053f  fde5              REPEAT:	PUSH	IY
   947  0541  cde10e            	CALL	CHECK
   948  0544  cdf400            	CALL	XEQ
   949                          REPCHK	EQU	$
   950                          ;
   951                          ;UNTIL expr
   952                          ;
   953  0547  c1                UNTIL:	POP	BC
   954  0548  c5                	PUSH	BC
   955  0549  214705            	LD	HL,REPCHK
   956  054c  b7                	OR	A
   957  054d  ed42              	SBC	HL,BC
   958  054f  280b              	JR	Z,UNTIL1
   959  0551  3e03              	LD	A,3
   960  0553  cd8c10            	CALL	RESLOC
   961  0556  20ef              	JR	NZ,UNTIL
   962  0558  3e2b              	LD	A,43
   963  055a  18aa              	JR	ERROR2		;"Not in a REPEAT loop"
   964                          ;
   965  055c  cd0000            UNTIL1:	CALL	EXPRI
   966  055f  cd0000            	CALL	TEST
   967  0562  c1                	POP	BC
   968  0563  d1                	POP	DE
   969  0564  2005              	JR	NZ,XEQGO2		;TRUE
   970  0566  d5                	PUSH	DE
   971  0567  c5                	PUSH	BC
   972  0568  d5                	PUSH	DE
   973  0569  fde1              	POP	IY
   974  056b  c3f400            XEQGO2:	JP	XEQ
   975                          ;
   976                          ;FOR var = expr TO expr [STEP expr]
   977                          ;
   978  056e  cd070e            FOR:	CALL	ASSIGN
   979  0571  2091              	JR	NZ,FORVAR	;"FOR variable"
   980  0573  f5                	PUSH	AF		;SAVE TYPE
   981  0574  fd7e00            	LD	A,(IY)
   982  0577  feb8              	CP	TTO
   983  0579  3e24              	LD	A,36
   984  057b  2089              	JR	NZ,ERROR2	;"No TO"
   985  057d  fd23              	INC	IY
   986  057f  dde5              	PUSH	IX
   987  0581  cd0000            	CALL	EXPRN		;LIMIT
   988  0584  dde1              	POP	IX
   989  0586  f1                	POP	AF
   990  0587  47                	LD	B,A		;TYPE
   991  0588  c5                	PUSH	BC		;SAVE ON STACK
   992  0589  e5                	PUSH	HL
   993  058a  210000            	LD	HL,0
   994  058d  4c                	LD	C,H
   995  058e  d9                	EXX
   996  058f  e5                	PUSH	HL
   997  0590  210100            	LD	HL,1		;PRESET STEP
   998  0593  d9                	EXX
   999  0594  fd7e00            	LD	A,(IY)
  1000  0597  fe88              	CP	TSTEP
  1001  0599  2009              	JR	NZ,FOR1
  1002  059b  fd23              	INC	IY
  1003  059d  dde5              	PUSH	IX
  1004  059f  cd0000            	CALL	EXPRN		;STEP
  1005  05a2  dde1              	POP	IX
  1006  05a4  0608              FOR1:	LD	B,8		;FPP '>'
  1007  05a6  cb7c              	BIT	7,H
  1008  05a8  2002              	JR	NZ,FOR2		;STEP SIGN
  1009  05aa  060c              	LD	B,12		;FPP '<'
  1010  05ac  c5                FOR2:	PUSH	BC
  1011  05ad  e5                	PUSH	HL
  1012  05ae  d9                	EXX
  1013  05af  e5                	PUSH	HL
  1014  05b0  d9                	EXX
  1015  05b1  fde5              	PUSH	IY		;SAVE TEXT POINTER
  1016  05b3  dde5              	PUSH	IX		;LOOP VARIABLE
  1017  05b5  cde10e            	CALL	CHECK
  1018  05b8  cdf400            	CALL	XEQ
  1019                          FORCHK	EQU	$
  1020                          ;
  1021                          ;NEXT [var[,var...]]
  1022                          ;
  1023  05bb  c1                NEXT:	POP	BC		;MARKER
  1024  05bc  21bb05            	LD	HL,FORCHK
  1025  05bf  b7                	OR	A
  1026  05c0  ed42              	SBC	HL,BC
  1027  05c2  280c              	JR	Z,NEXT2
  1028  05c4  c5                	PUSH	BC
  1029  05c5  3e03              	LD	A,3
  1030  05c7  cd8c10            	CALL	RESLOC
  1031  05ca  20ef              	JR	NZ,NEXT
  1032  05cc  3e20              	LD	A,32
  1033  05ce  186a              	JR	ERROR3		;"Not in a FOR loop"
  1034                          ;
  1035  05d0  cd9111            NEXT2:	CALL	TERMQ
  1036  05d3  e1                	POP	HL
  1037  05d4  e5                	PUSH	HL
  1038  05d5  c5                	PUSH	BC
  1039  05d6  e5                	PUSH	HL
  1040  05d7  c40000            	CALL	NZ,GETVAR	;VARIABLE
  1041  05da  d1                	POP	DE
  1042  05db  eb                	EX	DE,HL
  1043  05dc  b7                	OR	A
  1044  05dd  ed52              NEXT0:	SBC	HL,DE
  1045  05df  2047              	JR	NZ,NEXT1
  1046  05e1  d5                	PUSH	DE
  1047  05e2  dd210800          	LD	IX,6+2
  1048  05e6  dd39              	ADD	IX,SP
  1049  05e8  cd0000            	CALL	DLOAD5		;STEP
  1050  05eb  dd7e0b            	LD	A,(IX+11)	;TYPE
  1051  05ee  dde1              	POP	IX
  1052  05f0  cd0000            	CALL	LOADN		;LOOP VARIABLE
  1053  05f3  f5                	PUSH	AF
  1054  05f4  3e0b              	LD	A,'+' & 0FH
  1055  05f6  cd0000            	CALL	FPP		;ADD STEP
  1056  05f9  383f              	JR	C,ERROR3
  1057  05fb  f1                	POP	AF		;RESTORE TYPE
  1058  05fc  cd470e            	CALL	STOREN		;UPDATE VARIABLE
  1059  05ff  dd210c00          	LD	IX,12
  1060  0603  dd39              	ADD	IX,SP
  1061  0605  cd0000            	CALL	DLOAD5		;LIMIT
  1062  0608  dd7eff            	LD	A,(IX-1)
  1063  060b  cd0000            	CALL	FPP		;TEST AGAINST LIMIT
  1064  060e  382a              	JR	C,ERROR3
  1065  0610  24                	INC	H
  1066  0611  200a              	JR	NZ,LOOP		;KEEP LOOPING
  1067  0613  211200            	LD	HL,18
  1068  0616  39                	ADD	HL,SP
  1069  0617  f9                	LD	SP,HL
  1070  0618  cd0000            	CALL	NLIST
  1071  061b  189e              	JR	NEXT
  1072                          ;
  1073  061d  c1                LOOP:	POP	BC
  1074  061e  d1                	POP	DE
  1075  061f  fde1              	POP	IY
  1076  0621  fde5              	PUSH	IY
  1077  0623  d5                	PUSH	DE
  1078  0624  c5                	PUSH	BC
  1079  0625  c3f400            	JP	XEQ
  1080                          ;
  1081  0628  211200            NEXT1:	LD	HL,18
  1082  062b  39                	ADD	HL,SP
  1083  062c  f9                	LD	SP,HL		;"POP" THE STACK
  1084  062d  c1                	POP	BC
  1085  062e  21bb05            	LD	HL,FORCHK
  1086  0631  ed42              	SBC	HL,BC
  1087  0633  e1                	POP	HL		;VARIABLE POINTER
  1088  0634  e5                	PUSH	HL
  1089  0635  c5                	PUSH	BC
  1090  0636  28a5              	JR	Z,NEXT0
  1091  0638  3e21              	LD	A,33
  1092  063a  c30000            ERROR3:	JP	ERROR		;"Can't match FOR"
  1093                          ;
  1094                          ;FNname
  1095                          ;N.B. ENTERED WITH A <> TON
  1096                          ;
  1097  063d  f5                FN:	PUSH	AF		;MAKE SPACE ON STACK
  1098  063e  cd4506            	CALL	PROC1
  1099                          FNCHK	EQU	$
  1100                          ;
  1101                          ;PROCname
  1102                          ;N.B. ENTERED WITH A = ON PROC FLAG
  1103                          ;
  1104  0641  f5                PROC:	PUSH	AF		;MAKE SPACE ON STACK
  1105  0642  cd4506            	CALL	PROC1
  1106                          PROCHK	EQU	$
  1107  0645  cde10e            PROC1:	CALL	CHECK
  1108  0648  fd2b              	DEC	IY
  1109  064a  fde5              	PUSH	IY
  1110  064c  cd0000            	CALL	GETDEF
  1111  064f  c1                	POP	BC
  1112  0650  2839              	JR	Z,PROC4
  1113  0652  3e1e              	LD	A,30
  1114  0654  38e4              	JR	C,ERROR3	;"Bad call"
  1115  0656  c5                	PUSH	BC
  1116  0657  2a0000            	LD	HL,(PAGE)
  1117  065a  3edd              PROC2:	LD	A,TDEF
  1118  065c  cd5612            	CALL	SEARCH		;LOOK FOR "DEF"
  1119  065f  3821              	JR	C,PROC3
  1120  0661  e5                	PUSH	HL
  1121  0662  fde1              	POP	IY
  1122  0664  fd23              	INC	IY		;SKIP DEF
  1123  0666  cd0000            	CALL	NXT
  1124  0669  cd0000            	CALL	GETDEF
  1125  066c  fde5              	PUSH	IY
  1126  066e  d1                	POP	DE
  1127  066f  3809              	JR	C,PROC6
  1128  0671  c40000            	CALL	NZ,CREATE
  1129  0674  fde5              	PUSH	IY
  1130  0676  d1                	POP	DE
  1131  0677  73                	LD	(HL),E
  1132  0678  23                	INC	HL
  1133  0679  72                	LD	(HL),D		;SAVE ADDRESS
  1134  067a  eb                PROC6:	EX	DE,HL
  1135  067b  3e0d              	LD	A,CR
  1136  067d  47                	LD	B,A
  1137  067e  edb1              	CPIR			;SKIP TO END OF LINE
  1138  0680  18d8              	JR	PROC2
  1139  0682  fde1              PROC3:	POP	IY		;RESTORE TEXT POINTER
  1140  0684  cd0000            	CALL	GETDEF
  1141  0687  3e1d              	LD	A,29
  1142  0689  20af              	JR	NZ,ERROR3	;"No such FN/PROC"
  1143  068b  5e                PROC4:	LD	E,(HL)
  1144  068c  23                	INC	HL
  1145  068d  56                	LD	D,(HL)		;GET ADDRESS
  1146  068e  210200            	LD	HL,2
  1147  0691  39                	ADD	HL,SP
  1148  0692  cd0000            	CALL	NXT		;ALLOW SPACE BEFORE (
  1149  0695  d5                	PUSH	DE		;EXCHANGE DE,IY
  1150  0696  fde3              	EX	(SP),IY
  1151  0698  d1                	POP	DE
  1152  0699  fe28              	CP	'('		;ARGUMENTS?
  1153  069b  c23f07            	JP	NZ,PROC5
  1154  069e  cd0000            	CALL	NXT		;ALLOW SPACE BEFORE (
  1155  06a1  fe28              	CP	'('
  1156  06a3  c23a02            	JP	NZ,SYNTAX	;"Syntax error"
  1157  06a6  fde5              	PUSH	IY
  1158  06a8  c1                	POP	BC		;SAVE IY IN BC
  1159  06a9  d9                	EXX
  1160  06aa  08                	EX	AF,AF'
  1161  06ab  af                	XOR	A		;INITIALISE RETURN COUNT
  1162  06ac  08                	EX	AF,AF'
  1163  06ad  cd1911            	CALL	SAVLOC		;SAVE DUMMY VARIABLES
  1164  06b0  08                	EX	AF,AF'
  1165  06b1  b7                	OR	A
  1166  06b2  2816              	JR	Z,RETCHK	;NO RETURNS
  1167  06b4  e5                	PUSH	HL
  1168  06b5  ed44              	NEG
  1169  06b7  6f                	LD	L,A
  1170  06b8  ed44              	NEG
  1171  06ba  26ff              	LD	H,-1		;HL = -RETURNS
  1172  06bc  29                	ADD	HL,HL
  1173  06bd  29                	ADD	HL,HL
  1174  06be  29                	ADD	HL,HL		;-RETURNS * 8
  1175  06bf  e3                	EX	(SP),HL
  1176  06c0  dde1              	POP	IX
  1177  06c2  dd39              	ADD	IX,SP
  1178  06c4  ddf9              	LD	SP,IX
  1179  06c6  f5                	PUSH	AF		;PUSH RETURN COUNT
  1180  06c7  cdca06            	CALL	RETCHK		;PUSH MARKER
  1181  06ca  08                RETCHK:	EX	AF,AF'
  1182  06cb  cd0000            	CALL	BRAKET		;CLOSING BRACKET
  1183  06ce  d9                	EXX
  1184  06cf  c5                	PUSH	BC
  1185  06d0  fde1              	POP	IY		;RESTORE IY
  1186  06d2  e5                	PUSH	HL
  1187  06d3  cd280f            	CALL	ARGUE		;TRANSFER ARGUMENTS
  1188  06d6  e1                	POP	HL
  1189                          ;
  1190                          ; If any of the dummy arguments is the same as a passed-by-reference
  1191                          ; variable, then it must not be restored on exit (it would overwrite
  1192                          ; the wanted returned values), therefore search the saved values on
  1193                          ; the stack and if a match is found set bit 4 of the type.  On exit
  1194                          ; from the FN/PROC this will prevent the dummies from being restored.
  1195                          ;
  1196  06d7  e3                	EX	(SP),HL
  1197  06d8  b7                	OR	A
  1198  06d9  01ca06            	LD	BC,RETCHK
  1199  06dc  ed42              	SBC	HL,BC
  1200  06de  09                	ADD	HL,BC
  1201  06df  e3                	EX	(SP),HL
  1202  06e0  205d              	JR	NZ,PROC5	;No RETURNs
  1203                          ;
  1204  06e2  d5                	PUSH	DE
  1205  06e3  e5                	PUSH	HL
  1206  06e4  210700            	LD	HL,7		;Skip two PUSHes and RETCHK
  1207  06e7  39                	ADD	HL,SP
  1208  06e8  7e                	LD	A,(HL)		;RETURN count
  1209  06e9  23                	INC	HL
  1210  06ea  e5                	PUSH	HL
  1211  06eb  dde1              	POP	IX		;Address RETURNs table
  1212  06ed  5f                PROC0:	LD	E,A
  1213  06ee  1600              	LD	D,0
  1214  06f0  eb                	EX	DE,HL
  1215  06f1  29                	ADD	HL,HL
  1216  06f2  29                	ADD	HL,HL
  1217  06f3  29                	ADD	HL,HL
  1218  06f4  19                	ADD	HL,DE		;HL addresses SAVLOC stack
  1219  06f5  23                	INC	HL
  1220  06f6  23                	INC	HL		;Bump past LOCCHK
  1221  06f7  5e                PROC7:	LD	E,(HL)
  1222  06f8  23                	INC	HL
  1223  06f9  56                	LD	D,(HL)		;DE = SAVLOC VARPTR
  1224  06fa  23                	INC	HL
  1225  06fb  4e                	LD	C,(HL)		;Length (if string)
  1226  06fc  23                	INC	HL
  1227  06fd  46                	LD	B,(HL)		;Variable type
  1228                          ;
  1229                          ; Scan RETURNs table for VARPTR match
  1230                          ;
  1231  06fe  c5                	PUSH	BC		;Save type
  1232  06ff  e5                	PUSH	HL
  1233  0700  dde5              	PUSH	IX
  1234  0702  47                	LD	B,A		;B = RETURN count
  1235  0703  dd6e04            PROC8:	LD	L,(IX+4)
  1236  0706  dd6605            	LD	H,(IX+5)	;HL = RETURNed VARPTR
  1237  0709  b7                	OR	A
  1238  070a  ed52              	SBC	HL,DE
  1239  070c  2809              	JR	Z,PROC9
  1240  070e  eb                	EX	DE,HL
  1241  070f  110800            	LD	DE,8
  1242  0712  dd19              	ADD	IX,DE
  1243  0714  eb                	EX	DE,HL
  1244  0715  10ec              	DJNZ	PROC8
  1245  0717  dde1              PROC9:	POP	IX
  1246  0719  e1                	POP	HL
  1247  071a  c1                	POP	BC		;Restore type
  1248                          ;
  1249                          ; If match, set bit 4 of type:
  1250                          ;
  1251  071b  2002              	JR	NZ,PROCA
  1252  071d  cbe6              	SET	4,(HL)		;Flag don't restore
  1253                          ;
  1254                          ; Increment past stacked data:
  1255                          ;
  1256  071f  110300            PROCA:	LD	DE,3
  1257  0722  cb70              	BIT	6,B
  1258  0724  2008              	JR	NZ,PROCB	;Whole array
  1259  0726  1e05              	LD	E,5
  1260  0728  cb78              	BIT	7,B
  1261  072a  2802              	JR	Z,PROCB		;Numeric
  1262  072c  59                	LD	E,C
  1263  072d  13                	INC	DE
  1264  072e  19                PROCB:	ADD	HL,DE
  1265  072f  4e                	LD	C,(HL)
  1266  0730  23                	INC	HL
  1267  0731  46                	LD	B,(HL)
  1268  0732  23                	INC	HL		; BC = marker ?
  1269  0733  eb                	EX	DE,HL
  1270  0734  218511            	LD	HL,LOCCHK
  1271  0737  b7                	OR	A
  1272  0738  ed42              	SBC	HL,BC
  1273  073a  eb                	EX	DE,HL
  1274  073b  28ba              	JR	Z,PROC7		;Another
  1275  073d  e1                	POP	HL
  1276  073e  d1                	POP	DE
  1277                          ;
  1278  073f  73                PROC5:	LD	(HL),E		;SAVE "RETURN ADDRESS"
  1279  0740  23                	INC	HL
  1280  0741  7e                	LD	A,(HL)
  1281  0742  72                	LD	(HL),D
  1282  0743  feee              	CP	TON		;WAS IT "ON PROC" ?
  1283  0745  200c              	JR	NZ,XEQGO
  1284  0747  d5                	PUSH	DE
  1285  0748  fde3              	EX	(SP),IY
  1286  074a  cd9d11            	CALL	SPAN		;SKIP REST OF ON LIST
  1287  074d  fde3              	EX	(SP),IY
  1288  074f  d1                	POP	DE
  1289  0750  72                	LD	(HL),D
  1290  0751  2b                	DEC	HL
  1291  0752  73                	LD	(HL),E
  1292  0753  c3f400            XEQGO:	JP	XEQ
  1293                          ;
  1294  0756  fd23              LOCERR:	INC	IY
  1295  0758  18f9              	JR	XEQGO
  1296                          ;
  1297                          ;LOCAL DATA
  1298                          ;
  1299  075a  fd23              LOCDAT:	INC	IY
  1300  075c  2a0000            	LD	HL,(DATPTR)
  1301  075f  e5                	PUSH	HL
  1302  0760  3e40              	LD	A,40H
  1303  0762  f5                	PUSH	AF
  1304  0763  210000            	LD	HL,DATPTR
  1305  0766  e5                	PUSH	HL
  1306  0767  218511            	LD	HL,LOCCHK
  1307  076a  e5                	PUSH	HL
  1308  076b  18e6              	JR	XEQGO
  1309                          ;
  1310                          ;LOCAL var[,var...]
  1311                          ;
  1312  076d  fe85              LOCAL:	CP	TERROR
  1313  076f  28e5              	JR	Z,LOCERR
  1314  0771  fedc              	CP	TDATA
  1315  0773  28e5              	JR	Z,LOCDAT
  1316  0775  c1                	POP	BC
  1317  0776  c5                	PUSH	BC
  1318  0777  214106            	LD	HL,FNCHK
  1319  077a  b7                	OR	A
  1320  077b  ed42              	SBC	HL,BC
  1321  077d  2823              	JR	Z,LOCAL1
  1322  077f  214506            	LD	HL,PROCHK
  1323  0782  b7                	OR	A
  1324  0783  ed42              	SBC	HL,BC
  1325  0785  281b              	JR	Z,LOCAL1
  1326  0787  218511            	LD	HL,LOCCHK
  1327  078a  b7                	OR	A
  1328  078b  ed42              	SBC	HL,BC
  1329  078d  2813              	JR	Z,LOCAL1
  1330  078f  213603            	LD	HL,ARRCHK
  1331  0792  b7                	OR	A
  1332  0793  ed42              	SBC	HL,BC
  1333  0795  280b              	JR	Z,LOCAL1
  1334  0797  21ca06            	LD	HL,RETCHK
  1335  079a  b7                	OR	A
  1336  079b  ed42              	SBC	HL,BC
  1337  079d  3e0c              	LD	A,12
  1338  079f  c20000            	JP	NZ,ERROR	;"Not LOCAL"
  1339  07a2  fde5              LOCAL1:	PUSH	IY
  1340  07a4  c1                	POP	BC
  1341  07a5  d9                	EXX
  1342  07a6  fd2b              	DEC	IY
  1343  07a8  cd1911            	CALL	SAVLOC
  1344  07ab  d9                	EXX
  1345  07ac  c5                	PUSH	BC
  1346  07ad  fde1              	POP	IY
  1347  07af  cd0000            LOCAL2:	CALL	GETVAR
  1348  07b2  c23a02            	JP	NZ,SYNTAX
  1349  07b5  cb77              	BIT	6,A		;ARRAY?
  1350  07b7  2014              	JR	NZ,LOCAL4
  1351  07b9  b7                	OR	A		;TYPE
  1352  07ba  08                	EX	AF,AF'
  1353  07bb  cd0000            	CALL	ZERO
  1354  07be  08                	EX	AF,AF'
  1355  07bf  f5                	PUSH	AF
  1356  07c0  f4470e            	CALL	P,STOREN	;ZERO
  1357  07c3  f1                	POP	AF
  1358  07c4  59                	LD	E,C
  1359  07c5  fc9c0e            	CALL	M,STORES
  1360  07c8  cd0000            LOCAL3:	CALL	NLIST
  1361  07cb  18e2              	JR	LOCAL2
  1362                          ;
  1363  07cd  dd360001          LOCAL4:	LD	(IX+0),1	;FLAG LOCAL ARRAY
  1364  07d1  dd360100          	LD	(IX+1),0
  1365  07d5  18f1              	JR	LOCAL3
  1366                          ;
  1367                          ;ENDPROC
  1368                          ;
  1369  07d7  c1                ENDPRO:	POP	BC
  1370  07d8  214506            	LD	HL,PROCHK	;PROC MARKER
  1371  07db  af                	XOR	A
  1372  07dc  ed42              	SBC	HL,BC
  1373  07de  280b              	JR	Z,ENDPR1
  1374  07e0  c5                	PUSH	BC		;PUT BACK
  1375  07e1  cd8c10            	CALL	RESLOC
  1376  07e4  20f1              	JR	NZ,ENDPRO
  1377  07e6  3e0d              	LD	A,13
  1378  07e8  c30000            	JP	ERROR		;"No PROC"
  1379                          ;
  1380  07eb  fde1              ENDPR1:	POP	IY
  1381  07ed  c3f400            XEQGO6:	JP	XEQ
  1382                          ;
  1383                          ;INPUT #channel,var,var...
  1384                          ;
  1385  07f0  cd3613            INPUTN:	CALL	CHNL		;E = CHANNEL NUMBER
  1386  07f3  cd0000            INPN1:	CALL	NLIST
  1387  07f6  d5                	PUSH	DE
  1388  07f7  cd3002            	CALL	VAR
  1389  07fa  d1                	POP	DE
  1390  07fb  f5                	PUSH	AF		;SAVE TYPE
  1391  07fc  e5                	PUSH	HL		;VARPTR
  1392  07fd  b7                	OR	A
  1393  07fe  fa2308            	JP	M,INPN2		;STRING
  1394  0801  cd0000            	CALL	OSBGET
  1395  0804  d9                	EXX
  1396  0805  6f                	LD	L,A
  1397  0806  d9                	EXX
  1398  0807  cd0000            	CALL	OSBGET
  1399  080a  d9                	EXX
  1400  080b  67                	LD	H,A
  1401  080c  d9                	EXX
  1402  080d  cd0000            	CALL	OSBGET
  1403  0810  6f                	LD	L,A
  1404  0811  cd0000            	CALL	OSBGET
  1405  0814  67                	LD	H,A
  1406  0815  cd0000            	CALL	OSBGET
  1407  0818  4f                	LD	C,A
  1408  0819  dde1              	POP	IX
  1409  081b  f1                	POP	AF		;RESTORE TYPE
  1410  081c  d5                	PUSH	DE		;SAVE CHANNEL
  1411  081d  cd470e            	CALL	STOREN
  1412  0820  d1                	POP	DE
  1413  0821  18d0              	JR	INPN1
  1414  0823  210000            INPN2:	LD	HL,ACCS
  1415  0826  cd0000            INPN3:	CALL	OSBGET
  1416  0829  fe0d              	CP	CR
  1417  082b  2804              	JR	Z,INPN4
  1418  082d  77                	LD	(HL),A
  1419  082e  2c                	INC	L
  1420  082f  20f5              	JR	NZ,INPN3
  1421  0831  dde1              INPN4:	POP	IX
  1422  0833  f1                	POP	AF
  1423  0834  d5                	PUSH	DE
  1424  0835  eb                	EX	DE,HL
  1425  0836  cd990e            	CALL	STACCS
  1426  0839  d1                	POP	DE
  1427  083a  18b7              	JR	INPN1
  1428                          ;
  1429                          ;INPUT ['][SPC(x)][TAB(x[,y])]["prompt",]var[,var...]
  1430                          ;INPUT LINE [SPC(x)][TAB(x[,y])]["prompt",]var[,var...]
  1431                          ;
  1432  083c  fe23              INPUT:	CP	'#'
  1433  083e  28b0              	JR	Z,INPUTN
  1434  0840  0e00              	LD	C,0		;FLAG PROMPT
  1435  0842  fe86              	CP	TLINE
  1436  0844  2004              	JR	NZ,INPUT0
  1437  0846  fd23              	INC	IY		;SKIP "LINE"
  1438  0848  0e80              	LD	C,80H
  1439  084a  210000            INPUT0:	LD	HL,BUFFER
  1440  084d  360d              	LD	(HL),CR		;INITIALISE EMPTY
  1441  084f  cd9111            INPUT1:	CALL	TERMQ
  1442  0852  2899              	JR	Z,XEQGO6	;DONE
  1443  0854  fd23              	INC	IY
  1444  0856  fe2c              	CP	','
  1445  0858  2851              	JR	Z,INPUT3	;SKIP COMMA
  1446  085a  fe3b              	CP	';'
  1447  085c  284d              	JR	Z,INPUT3
  1448  085e  e5                	PUSH	HL		;SAVE BUFFER POINTER
  1449  085f  fe22              	CP	'"'
  1450  0861  200a              	JR	NZ,INPUT6
  1451  0863  c5                	PUSH	BC
  1452  0864  cd0000            	CALL	CONS
  1453  0867  c1                	POP	BC
  1454  0868  cd0c12            	CALL	PTEXT		;PRINT PROMPT
  1455  086b  1805              	JR	INPUT9
  1456  086d  cdb711            INPUT6:	CALL	FORMAT		;SPC, TAB, '
  1457  0870  2005              	JR	NZ,INPUT2
  1458  0872  e1                INPUT9:	POP	HL
  1459  0873  cbc1              	SET	0,C		;FLAG NO PROMPT
  1460  0875  18d3              	JR	INPUT0
  1461  0877  fd2b              INPUT2:	DEC	IY
  1462  0879  c5                	PUSH	BC
  1463  087a  cd3002            	CALL	VAR
  1464  087d  c1                	POP	BC
  1465  087e  e1                	POP	HL
  1466  087f  f5                	PUSH	AF		;SAVE TYPE
  1467  0880  7e                	LD	A,(HL)
  1468  0881  23                	INC	HL
  1469  0882  fe0d              	CP	CR		;BUFFER EMPTY?
  1470  0884  ccaf08            	CALL	Z,REFILL
  1471  0887  cb79              	BIT	7,C
  1472  0889  f5                	PUSH	AF
  1473  088a  c42a12            	CALL	NZ,LINES
  1474  088d  f1                	POP	AF
  1475  088e  cc1912            	CALL	Z,FETCHS
  1476  0891  f1                	POP	AF		;RESTORE TYPE
  1477  0892  c5                	PUSH	BC
  1478  0893  e5                	PUSH	HL
  1479  0894  b7                	OR	A
  1480  0895  faa608            	JP	M,INPUT4	;STRING
  1481  0898  f5                	PUSH	AF
  1482  0899  dde5              	PUSH	IX
  1483  089b  cd0000            	CALL	VAL0
  1484  089e  dde1              	POP	IX
  1485  08a0  f1                	POP	AF
  1486  08a1  cd470e            	CALL	STOREN
  1487  08a4  1803              	JR	INPUT5
  1488  08a6  cd990e            INPUT4:	CALL	STACCS
  1489  08a9  e1                INPUT5:	POP	HL
  1490  08aa  c1                	POP	BC
  1491  08ab  cb81              INPUT3:	RES	0,C
  1492  08ad  18a0              	JR	INPUT1
  1493                          ;
  1494  08af  cb41              REFILL:	BIT	0,C
  1495  08b1  200a              	JR	NZ,REFIL0	;NO PROMPT
  1496  08b3  3e3f              	LD	A,'?'
  1497  08b5  cd0000            	CALL	OUTCHR		;PROMPT
  1498  08b8  3e20              	LD	A,' '
  1499  08ba  cd0000            	CALL	OUTCHR
  1500  08bd  210000            REFIL0:	LD	HL,BUFFER
  1501  08c0  c5                	PUSH	BC
  1502  08c1  e5                	PUSH	HL
  1503  08c2  dde5              	PUSH	IX
  1504  08c4  cd0000            	CALL	OSLINE
  1505  08c7  dde1              	POP	IX
  1506  08c9  e1                	POP	HL
  1507  08ca  c1                	POP	BC
  1508  08cb  47                	LD	B,A		;POS AT ENTRY
  1509  08cc  af                	XOR	A
  1510  08cd  320000            	LD	(COUNT),A
  1511  08d0  b8                	CP	B
  1512  08d1  c8                	RET	Z
  1513  08d2  7e                REFIL1:	LD	A,(HL)
  1514  08d3  fe0d              	CP	CR
  1515  08d5  c8                	RET	Z
  1516  08d6  23                	INC	HL
  1517  08d7  10f9              	DJNZ	REFIL1
  1518  08d9  c9                	RET
  1519                          ;
  1520                          ;READ var[,var...]
  1521                          ;
  1522  08da  fe23              READ:	CP	'#'
  1523  08dc  caf007            	JP	Z,INPUTN
  1524  08df  2a0000            	LD	HL,(DATPTR)
  1525  08e2  7e                READ0:	LD	A,(HL)
  1526  08e3  fe3a              	CP	':'
  1527  08e5  ccd208            	CALL	Z,REFIL1
  1528  08e8  23                	INC	HL		;SKIP COMMA OR "DATA"
  1529  08e9  fe0d              	CP	CR		;END OF DATA STMT?
  1530  08eb  cc1a09            	CALL	Z,GETDAT
  1531  08ee  e5                	PUSH	HL
  1532  08ef  cd3002            	CALL	VAR
  1533  08f2  e1                	POP	HL
  1534  08f3  b7                	OR	A
  1535  08f4  fa0a09            	JP	M,READ1		;STRING
  1536  08f7  e5                	PUSH	HL
  1537  08f8  fde3              	EX	(SP),IY
  1538  08fa  f5                	PUSH	AF		;SAVE TYPE
  1539  08fb  dde5              	PUSH	IX
  1540  08fd  cd0000            	CALL	EXPRN
  1541  0900  dde1              	POP	IX
  1542  0902  f1                	POP	AF
  1543  0903  cd470e            	CALL	STOREN
  1544  0906  fde3              	EX	(SP),IY
  1545  0908  1807              	JR	READ2
  1546  090a  cd1912            READ1:	CALL	FETCHS
  1547  090d  e5                	PUSH	HL
  1548  090e  cd990e            	CALL	STACCS
  1549  0911  e1                READ2:	POP	HL
  1550  0912  220000            	LD	(DATPTR),HL
  1551  0915  cd0000            	CALL	NLIST
  1552  0918  18c8              	JR	READ0
  1553                          ;
  1554  091a  cd5412            GETDAT:	CALL	DSRCH
  1555  091d  23                	INC	HL
  1556  091e  d0                	RET	NC
  1557  091f  3e2a              	LD	A,42
  1558  0921  1864              	JR	ERROR4		;"Out of DATA"
  1559                          ;
  1560                          ;IF expr statement
  1561                          ;IF expr THEN statement [ELSE statement]
  1562                          ;IF expr THEN line [ELSE line]
  1563                          ;IF expr THEN
  1564                          ;
  1565  0923  cd0000            IF:	CALL	EXPRI
  1566  0926  cd0000            	CALL	TEST
  1567  0929  282a              	JR	Z,IFNOT		;FALSE
  1568  092b  fd7e00            	LD	A,(IY)
  1569  092e  fe8c              	CP	TTHEN
  1570  0930  c2f400            	JP	NZ,XEQ
  1571  0933  fd23              IF0:	INC	IY		;SKIP "THEN"
  1572  0935  fd7e00            	LD	A,(IY)
  1573  0938  fe3b              	CP	';'
  1574  093a  28f7              	JR	Z,IF0
  1575  093c  cd0000            IF1:	CALL	NXT
  1576  093f  fe8d              	CP	TLINO
  1577  0941  c2f400            	JP	NZ,XEQ		;STATEMENT FOLLOWS
  1578  0944  c30e05            	JP	GOTO		;LINE NO. FOLLOWS
  1579                          ;
  1580  0947  fd7e00            IFELSE:	LD	A,(IY)
  1581  094a  fd23              	INC	IY
  1582  094c  fe3b              	CP	';'
  1583  094e  200a              	JR	NZ,IFNEXT
  1584  0950  181e              	JR	IFTHEN
  1585                          ;
  1586  0952  cdf412            IF2:	CALL	QUOTE		;SKIP STRING
  1587  0955  fd7e00            IFNOT:	LD	A,(IY)
  1588  0958  fd23              	INC	IY
  1589  095a  fe22              IFNEXT:	CP	'"'
  1590  095c  28f4              	JR	Z,IF2		;QUOTED STRING
  1591  095e  fef4              	CP	TREM
  1592  0960  ca8c01            	JP	Z,REM		;REM
  1593  0963  fe0d              	CP	CR
  1594  0965  cadf00            	JP	Z,XEQ0		;END OF LINE
  1595  0968  fe8b              	CP	TELSE
  1596  096a  28d0              	JR	Z,IF1		;ELSE CLAUSE
  1597  096c  fe8c              	CP	TTHEN
  1598  096e  20e5              	JR	NZ,IFNOT	;TRY FOR END AGAIN
  1599  0970  fd7e00            IFTHEN:	LD	A,(IY)
  1600  0973  fe0d              	CP	CR
  1601  0975  20d0              	JR	NZ,IFELSE
  1602  0977  018b00            	LD	BC,TELSE
  1603  097a  118ccd            	LD	DE,TENDIF*256+TTHEN
  1604  097d  fd23              	INC	IY
  1605  097f  cd6c12            	CALL	NSCAN
  1606  0982  cafb00            	JP	Z,XEQ1
  1607  0985  3e31              NENDIF:	LD	A,49
  1608  0987  c30000            ERROR4:	JP	ERROR		;"Missing ENDIF"
  1609                          ;
  1610                          ; ELSE (multi-line)
  1611                          ;
  1612  098a  01fdff            MELSE:	LD	BC,-3
  1613  098d  fd09              	ADD	IY,BC
  1614  098f  01cd00            	LD	BC,TENDIF
  1615  0992  118ccd            	LD	DE,TENDIF*256+TTHEN
  1616  0995  cd6c12            	CALL	NSCAN
  1617  0998  20eb              	JR	NZ,NENDIF
  1618  099a  c3f400            XEQGO7:	JP	XEQ
  1619                          ;
  1620                          ; WHEN and OTHERWISE:
  1621                          ;
  1622  099d  01fdff            WHEN:	LD	BC,-3
  1623  09a0  fd09              	ADD	IY,BC
  1624  09a2  01cb00            	LD	BC,TENDCASE
  1625  09a5  11cacb            	LD	DE,TENDCASE*256+TOF
  1626  09a8  cd6c12            	CALL	NSCAN
  1627  09ab  28ed              	JR	Z,XEQGO7
  1628  09ad  3e2f              	LD	A,47
  1629  09af  18d6              	JR	ERROR4		;"Missing ENDCASE"
  1630                          ;
  1631                          ; CASE
  1632                          ;
  1633  09b1  cd0000            CASE:	CALL	EXPR		;String or numeric
  1634  09b4  08                	EX	AF,AF'
  1635  09b5  0600              	LD	B,0		;Flag numeric
  1636  09b7  f2c009            	JP	P,CASE6		;numeric
  1637  09ba  cd0000            	CALL	PUSHS		;put string on stack
  1638  09bd  c1                	POP	BC		;C = length
  1639  09be  0601              	LD	B,1		;Flag string
  1640  09c0  fd7e00            CASE6:	LD	A,(IY)
  1641  09c3  fd23              	INC	IY
  1642  09c5  feca              	CP	TOF
  1643  09c7  3e25              	LD	A,37
  1644  09c9  20bc              	JR	NZ,ERROR4	;"Missing OF"
  1645  09cb  fd7e00            	LD	A,(IY)
  1646  09ce  fd23              	INC	IY		;Address line-length byte
  1647  09d0  fe0d              	CP	CR
  1648  09d2  3e30              	LD	A,48
  1649  09d4  20b1              	JR	NZ,ERROR4	;"OF not last"
  1650  09d6  af                CASE1:	XOR	A		;Level
  1651  09d7  d9                CASE0:	EXX
  1652  09d8  e5                	PUSH	HL		;Push to stack
  1653  09d9  d9                	EXX
  1654  09da  e5                	PUSH	HL
  1655  09db  c5                	PUSH	BC
  1656  09dc  6f                	LD	L,A		;Level
  1657  09dd  01c9cc            	LD	BC,TOTHERWISE*256+TWHEN
  1658  09e0  11cacb             	LD	DE,TENDCASE*256+TOF
  1659  09e3  cd6e12            	CALL	NSCAN1
  1660  09e6  c1                	POP	BC		;Restore from stack
  1661  09e7  e1                	POP	HL
  1662  09e8  d9                	EXX
  1663  09e9  e1                	POP	HL
  1664  09ea  d9                	EXX
  1665  09eb  3e2f              	LD	A,47
  1666  09ed  c20000            	JP	NZ,ERROR	;Missing ENDCASE
  1667  09f0  fd7eff            	LD	A,(IY-1)
  1668  09f3  fecb              	CP	TENDCASE
  1669  09f5  2856              	JR	Z,CASE9
  1670  09f7  fecc              	CP	TOTHERWISE
  1671  09f9  2852              	JR	Z,CASE9
  1672  09fb  cb40              CASE4:	BIT	0,B		;Numeric or string?
  1673  09fd  2069              	JR	NZ,CASE3
  1674  09ff  c5                	PUSH	BC		;Type/exponent/length
  1675  0a00  e5                	PUSH	HL		;MS 32 bits
  1676  0a01  d9                	EXX
  1677  0a02  e5                	PUSH	HL		;LS 32 bits
  1678  0a03  d9                	EXX
  1679  0a04  cd0000            	CALL	EXPRN
  1680  0a07  dd210000          	LD	IX,0
  1681  0a0b  dd39              	ADD	IX,SP		;Address stack
  1682  0a0d  d9                	EXX
  1683  0a0e  dd5e00            	LD	E,(IX+0)	;Get LS 32-bits
  1684  0a11  dd5601            	LD	D,(IX+1)
  1685  0a14  d9                	EXX
  1686  0a15  dd5e02            	LD	E,(IX+2)
  1687  0a18  dd5603            	LD	D,(IX+3)	;Get MS 32-bits
  1688  0a1b  dd4604            	LD	B,(IX+4)	;Get exponent
  1689  0a1e  3e09              	LD	A,9
  1690  0a20  cd0000            	CALL	FPP		;In case integer vs float
  1691  0a23  7d                	LD	A,L
  1692  0a24  b7                	OR	A		;NZ if equal
  1693  0a25  d9                	EXX
  1694  0a26  e1                	POP	HL
  1695  0a27  d9                	EXX
  1696  0a28  e1                	POP	HL
  1697  0a29  c1                	POP	BC
  1698  0a2a  202c              	JR	NZ,CASE5	;Match found
  1699  0a2c  fd7e00            CASE2:	LD	A,(IY)
  1700  0a2f  fd23              	INC	IY
  1701  0a31  fe2c              	CP	','
  1702  0a33  28c6              	JR	Z,CASE4		;Not found, try another
  1703  0a35  d9                	EXX
  1704  0a36  fde5              	PUSH	IY
  1705  0a38  e3                	EX	(SP),HL
  1706  0a39  3e0d              	LD	A,CR
  1707  0a3b  47                	LD	B,A
  1708  0a3c  edb1              	CPIR			;Find CR
  1709  0a3e  e3                	EX	(SP),HL
  1710  0a3f  fde1              	POP	IY
  1711  0a41  d9                	EXX
  1712  0a42  fd7efe            	LD	A,(IY-2)	;Last token in previous line
  1713  0a45  feca              	CP	TOF		;CASE statement in WHEN line
  1714  0a47  208d              	JR	NZ,CASE1
  1715  0a49  3e01              	LD	A,1
  1716  0a4b  188a              	JR	CASE0
  1717                          ;
  1718                          ;Finished, level stack if string:
  1719                          ;
  1720  0a4d  cb40              CASE9:	BIT	0,B
  1721  0a4f  2849              	JR	Z,XEQGO5
  1722  0a51  2600              	LD	H,0
  1723  0a53  69                	LD	L,C
  1724  0a54  39                	ADD	HL,SP
  1725  0a55  f9                	LD	SP,HL
  1726  0a56  1842              	JR	XEQGO5
  1727                          ;
  1728                          ;Matched, so skip any more expressions:
  1729                          ;
  1730  0a58  cd0000            CASE5:	CALL	NXT
  1731  0a5b  fe2c              	CP	','
  1732  0a5d  20ee              	JR	NZ,CASE9	;End of list
  1733  0a5f  fd23              	INC	IY
  1734  0a61  c5                	PUSH	BC		;Save type and string length
  1735  0a62  cd0000            	CALL	EXPR		;Evaluate but discard
  1736  0a65  c1                	POP	BC
  1737  0a66  18f0              	JR	CASE5
  1738                          ;
  1739                          ;String compare:
  1740                          ;
  1741  0a68  c5                CASE3:	PUSH	BC
  1742  0a69  cd0000            	CALL	EXPRS
  1743  0a6c  c1                	POP	BC
  1744  0a6d  210000            	LD	HL,0
  1745  0a70  39                	ADD	HL,SP
  1746  0a71  43                	LD	B,E
  1747  0a72  110000            	LD	DE,ACCS
  1748  0a75  c5                	PUSH	BC
  1749  0a76  cd0000            	CALL	SCP		;String compare
  1750  0a79  c1                	POP	BC
  1751  0a7a  0601              	LD	B,1
  1752  0a7c  20ae              	JR	NZ,CASE2
  1753  0a7e  18d8              	JR	CASE5
  1754                          ;
  1755                          ; WHILE
  1756                          ;
  1757  0a80  fde5              WHILE:	PUSH	IY		;Save current position
  1758  0a82  cde10e            	CALL	CHECK
  1759  0a85  cd880a            	CALL	WHICHK		;Push marker
  1760  0a88  cd0000            WHICHK:	CALL	EXPRI
  1761  0a8b  cd0000            	CALL	TEST
  1762  0a8e  200a              	JR	NZ,XEQGO5
  1763  0a90  c1                	POP	BC		;Pop marker
  1764  0a91  c1                	POP	BC		;Level stack
  1765  0a92  01c7ce            	LD	BC,TWHILE+TENDWHILE*256
  1766  0a95  1601              	LD	D,1
  1767  0a97  cdab12            	CALL	WSRCH
  1768  0a9a  c3f400            XEQGO5:	JP	XEQ
  1769                          ;
  1770                          ; ENDWHILE
  1771                          ;
  1772  0a9d  c1                ENDWHI:	POP	BC		;Marker
  1773  0a9e  d1                	POP	DE		;Saved text pointer
  1774  0a9f  d5                	PUSH	DE
  1775  0aa0  c5                	PUSH	BC
  1776  0aa1  b7                	OR	A
  1777  0aa2  21880a            	LD	HL,WHICHK
  1778  0aa5  ed42              	SBC	HL,BC
  1779  0aa7  280b              	JR	Z,ENDWH1
  1780  0aa9  3e03              	LD	A,3
  1781  0aab  cd8c10            	CALL	RESLOC
  1782  0aae  20ed              	JR	NZ,ENDWHI
  1783  0ab0  3e2e              	LD	A,46
  1784  0ab2  1852              	JR	ERROR5		;"Not in a WHILE loop"
  1785                          ;
  1786  0ab4  fde5              ENDWH1:	PUSH	IY
  1787  0ab6  fd210000          	LD	IY,0
  1788  0aba  fd19              	ADD	IY,DE
  1789  0abc  cd0000            	CALL	EXPRI
  1790  0abf  cd0000            	CALL	TEST
  1791  0ac2  d1                	POP	DE		;Text pointer
  1792  0ac3  20d5              	JR	NZ,XEQGO5
  1793  0ac5  c1                	POP	BC		;Junk marker
  1794  0ac6  c1                	POP	BC		;Junk pointer
  1795  0ac7  fd210000          	LD	IY,0
  1796  0acb  fd19              	ADD	IY,DE
  1797  0acd  18cb              	JR	XEQGO5
  1798                          ;
  1799                          ;CLS
  1800                          ;
  1801  0acf  cd0000            CLS:	CALL	CLRSCN
  1802  0ad2  af                	XOR	A
  1803  0ad3  320000            	LD	(COUNT),A
  1804  0ad6  18c2              	JR	XEQGO5
  1805                          ;
  1806                          ;STOP
  1807                          ;
  1808  0ad8  cd0000            STOP:	CALL	TELL
  1809  0adb  0d                	DEFB	CR
  1810  0adc  0a                	DEFB	LF
  1811  0add  fa                	DEFB	TSTOP
  1812  0ade  00                	DEFB	0
  1813  0adf  cd0000            	CALL	SETLIN		;FIND CURRENT LINE
  1814  0ae2  cd0000            	CALL	SAYLN
  1815  0ae5  cd0000            	CALL	CRLF
  1816  0ae8  c30000            	JP	CLOOP
  1817                          ;
  1818                          ;REPORT
  1819                          ;
  1820  0aeb  cd0000            REPOR:	CALL	REPORT
  1821  0aee  18aa              	JR	XEQGO5
  1822                          ;
  1823                          ;CLEAR
  1824                          ;
  1825  0af0  cd0000            CLR:	CALL	CLEAR
  1826  0af3  2a0000            	LD	HL,(PAGE)
  1827  0af6  183b              	JR	RESTR1
  1828                          ;
  1829                          ;RESTORE DATA / ERROR / LOCAL
  1830                          ;
  1831  0af8  fd23              RESDEL:	INC	IY		;Skip DATA / ERROR / LOCAL
  1832  0afa  79                	LD	A,C		;Save error code
  1833  0afb  08                	EX	AF,AF'
  1834  0afc  78                	LD	A,B		;1=DATA, 2=ERROR, 0=LOCAL
  1835  0afd  cd8c10            	CALL	RESLOC
  1836  0b00  2098              	JR	NZ,XEQGO5
  1837  0b02  08                	EX	AF,AF'		;Get error code
  1838  0b03  21                	DEFB	21H
  1839  0b04  3e29              NOLINE:	LD	A,41		;'No such line'
  1840  0b06  c30000            ERROR5:	JP	ERROR
  1841                          ;
  1842                          ;RESTORE [line | +n | DATA | ERROR | LOCAL]
  1843                          ;
  1844  0b09  fe85              RESTOR:	CP	TERROR
  1845  0b0b  013502            	LD	BC,200H + 53	;'ON ERROR not LOCAL'
  1846  0b0e  28e8              	JR	Z,RESDEL
  1847  0b10  fedc              	CP	TDATA
  1848  0b12  013601            	LD	BC,100H + 54	;'DATA not LOCAL'
  1849  0b15  28e1              	JR	Z,RESDEL
  1850  0b17  feea              	CP	TLOCAL
  1851  0b19  010c00            	LD	BC,12		;'Not in a FN or PROC'
  1852  0b1c  28da              	JR	Z,RESDEL
  1853  0b1e  fe2b              	CP	'+'
  1854  0b20  281a              	JR	Z,RESREL
  1855  0b22  2a0000            	LD	HL,(PAGE)
  1856  0b25  cd9111            	CALL	TERMQ
  1857  0b28  2809              	JR	Z,RESTR1
  1858  0b2a  cd0000            	CALL	ITEMI
  1859  0b2d  d9                	EXX
  1860  0b2e  cd0000            	CALL	FINDL		;SEARCH FOR LINE
  1861  0b31  20d1              	JR	NZ,NOLINE
  1862  0b33  cd5412            RESTR1:	CALL	DSRCH
  1863  0b36  220000            	LD	(DATPTR),HL
  1864  0b39  c3f400            	JP	XEQ
  1865                          ;
  1866  0b3c  cd0000            RESREL:	CALL	EXPRI
  1867  0b3f  d9                	EXX
  1868  0b40  eb                	EX	DE,HL
  1869  0b41  fde5              	PUSH	IY
  1870  0b43  e1                	POP	HL
  1871  0b44  3e0d              	LD	A,CR
  1872  0b46  47                	LD	B,A
  1873  0b47  edb1              	CPIR			;FIND LINE END
  1874  0b49  1d                	DEC	E
  1875  0b4a  28e7              	JR	Z,RESTR1
  1876  0b4c  fa330b            	JP	M,RESTR1
  1877  0b4f  af                	XOR	A
  1878  0b50  47                	LD	B,A
  1879  0b51  4e                RESTR2:	LD	C,(HL)
  1880  0b52  b9                	CP	C
  1881  0b53  28af              	JR	Z,NOLINE
  1882  0b55  09                	ADD	HL,BC
  1883  0b56  1d                	DEC	E
  1884  0b57  20f8              	JR	NZ,RESTR2
  1885  0b59  18d8              	JR	RESTR1
  1886                          ;
  1887                          ;PTR#channel=expr
  1888                          ;PAGE=expr
  1889                          ;TIME=expr
  1890                          ;LOMEM=expr
  1891                          ;HIMEM=expr
  1892                          ;
  1893  0b5b  cd2c13            PTR:	CALL	CHANEL
  1894  0b5e  cdaa11            	CALL	EQUALS
  1895  0b61  7b                	LD	A,E
  1896  0b62  f5                	PUSH	AF
  1897  0b63  cd0000            	CALL	EXPRI
  1898  0b66  e5                	PUSH	HL
  1899  0b67  d9                	EXX
  1900  0b68  d1                	POP	DE
  1901  0b69  f1                	POP	AF
  1902  0b6a  cd0000            	CALL	PUTPTR
  1903  0b6d  1861              	JR	XEQGO1
  1904                          ;
  1905  0b6f  cdaa11            PAGEV:	CALL	EQUALS
  1906  0b72  cd0000            	CALL	EXPRI
  1907  0b75  d9                	EXX
  1908  0b76  2e00              	LD	L,0
  1909  0b78  220000            	LD	(PAGE),HL
  1910  0b7b  1853              	JR	XEQGO1
  1911                          ;
  1912  0b7d  fe24              TIMEV:	CP	'$'
  1913  0b7f  280e              	JR	Z,TIMEVS
  1914  0b81  cdaa11            	CALL	EQUALS
  1915  0b84  cd0000            	CALL	EXPRI
  1916  0b87  e5                	PUSH	HL
  1917  0b88  d9                	EXX
  1918  0b89  d1                	POP	DE
  1919  0b8a  cd0000            	CALL	PUTIME
  1920  0b8d  1841              	JR	XEQGO1
  1921                          ;
  1922  0b8f  fd23              TIMEVS:	INC	IY		;SKIP '$'
  1923  0b91  cdaa11            	CALL	EQUALS
  1924  0b94  cd0000            	CALL	EXPRS
  1925  0b97  cd0000            	CALL	PUTIMS
  1926  0b9a  1834              	JR	XEQGO1
  1927                          ;
  1928  0b9c  cdaa11            LOMEMV:	CALL	EQUALS
  1929  0b9f  cd0000            	CALL	EXPRI
  1930  0ba2  cd0000            	CALL	CLEAR
  1931  0ba5  d9                	EXX
  1932  0ba6  220000            	LD	(LOMEM),HL
  1933  0ba9  220000            	LD	(FREE),HL
  1934  0bac  1822              	JR	XEQGO1
  1935                          ;
  1936  0bae  cdaa11            HIMEMV:	CALL	EQUALS
  1937  0bb1  cd0000            	CALL	EXPRI
  1938  0bb4  d9                	EXX
  1939  0bb5  ed5b0000          	LD	DE,(FREE)
  1940  0bb9  14                	INC	D
  1941  0bba  af                	XOR	A
  1942  0bbb  ed52              	SBC	HL,DE
  1943  0bbd  19                	ADD	HL,DE
  1944  0bbe  da0000            	JP	C,ERROR		;"No room"
  1945  0bc1  ed5b0000          	LD	DE,(HIMEM)
  1946  0bc5  220000            	LD	(HIMEM),HL
  1947  0bc8  eb                	EX	DE,HL
  1948  0bc9  ed72              	SBC	HL,SP
  1949  0bcb  c2f400            	JP	NZ,XEQ
  1950  0bce  eb                	EX	DE,HL
  1951  0bcf  f9                	LD	SP,HL		;LOAD STACK POINTER
  1952  0bd0  c3f400            XEQGO1:	JP	XEQ
  1953                          ;
  1954                          ;WIDTH expr
  1955                          ;
  1956  0bd3  cd0000            WIDTHV:	CALL	EXPRI
  1957  0bd6  d9                	EXX
  1958  0bd7  7d                	LD	A,L
  1959  0bd8  320000            	LD	(WIDTH),A
  1960  0bdb  18f3              	JR	XEQGO1
  1961                          ;
  1962                          ;TRACE ON
  1963                          ;TRACE OFF
  1964                          ;TRACE line
  1965                          ;
  1966  0bdd  fd23              TRACE:	INC	IY
  1967  0bdf  210000            	LD	HL,0
  1968  0be2  feee              	CP	TON
  1969  0be4  280a              	JR	Z,TRACE0
  1970  0be6  fe87              	CP	TOFF
  1971  0be8  2807              	JR	Z,TRACE1
  1972  0bea  fd2b              	DEC	IY
  1973  0bec  cd0000            	CALL	EXPRI
  1974  0bef  d9                	EXX
  1975  0bf0  2b                TRACE0:	DEC	HL
  1976  0bf1  220000            TRACE1:	LD	(TRACEN),HL
  1977  0bf4  18da              	JR	XEQGO1
  1978                          ;
  1979                          ;VDU expr,expr;....[|]
  1980                          ;
  1981  0bf6  cd0000            VDU:	CALL	EXPRI
  1982  0bf9  d9                	EXX
  1983  0bfa  7d                	LD	A,L
  1984  0bfb  0601              	LD	B,1
  1985  0bfd  cd0000            VDU1:	CALL	OSWRCH
  1986  0c00  10fb              	DJNZ	VDU1
  1987  0c02  fd7e00            	LD	A,(IY)
  1988  0c05  fe7c              	CP	'|'
  1989  0c07  2815              	JR	Z,VDU4
  1990  0c09  fe2c              	CP	','
  1991  0c0b  2808              	JR	Z,VDU2
  1992  0c0d  fe3b              	CP	';'
  1993  0c0f  2006              	JR	NZ,VDU3
  1994  0c11  7c                	LD	A,H
  1995  0c12  cd0000            	CALL	OSWRCH
  1996  0c15  fd23              VDU2:	INC	IY
  1997  0c17  cd9111            VDU3:	CALL	TERMQ
  1998  0c1a  20da              	JR	NZ,VDU
  1999  0c1c  18b2              	JR	XEQGO1
  2000                          ;
  2001  0c1e  fd23              VDU4:	INC	IY
  2002  0c20  af                	XOR	A
  2003  0c21  0609              	LD	B,9
  2004  0c23  18d8              	JR	VDU1
  2005                          ;
  2006                          ;CLOSE channel number
  2007                          ;
  2008  0c25  cd2c13            CLOSE:	CALL	CHANEL
  2009  0c28  cd0000            	CALL	OSSHUT
  2010  0c2b  18a3              	JR	XEQGO1
  2011                          ;
  2012                          ;BPUT #channel,byte
  2013                          ;BPUT #channel,string[;]
  2014                          ;
  2015  0c2d  cd2c13            BPUT:	CALL	CHANEL		;CHANNEL NUMBER
  2016  0c30  d5                	PUSH	DE
  2017  0c31  cd0000            	CALL	COMMA
  2018  0c34  cd0000            	CALL	EXPR
  2019  0c37  08                	EX	AF,AF'
  2020  0c38  fa460c            	JP	M,BPUTS
  2021  0c3b  cd0000            	CALL	SFIX
  2022  0c3e  d9                	EXX
  2023  0c3f  7d                	LD	A,L
  2024  0c40  d1                	POP	DE
  2025  0c41  cd0000            BPUT1:	CALL	OSBPUT
  2026  0c44  188a              BPUTX:	JR	XEQGO1
  2027                          ;
  2028  0c46  7b                BPUTS:	LD	A,E
  2029  0c47  d1                	POP	DE
  2030  0c48  57                	LD	D,A
  2031  0c49  210000            	LD	HL,ACCS
  2032  0c4c  b7                	OR	A
  2033  0c4d  2808              	JR	Z,BPUTS0
  2034  0c4f  7e                BPUTS1:	LD	A,(HL)
  2035  0c50  23                	INC	HL
  2036  0c51  cd0000            	CALL	OSBPUT
  2037  0c54  15                	DEC	D
  2038  0c55  20f8              	JR	NZ,BPUTS1
  2039  0c57  cd0000            BPUTS0:	CALL	NXT
  2040  0c5a  fe3b              	CP	';'
  2041  0c5c  3e0a              	LD	A,LF
  2042  0c5e  20e1              	JR	NZ,BPUT1
  2043  0c60  fd23              	INC	IY
  2044  0c62  18e0              	JR	BPUTX
  2045                          ;
  2046                          ;CALL address[,var[,var...]]
  2047                          ;
  2048  0c64  cd0000            CALL:	CALL	EXPRI		;ADDRESS
  2049  0c67  d9                	EXX
  2050  0c68  e5                	PUSH	HL		;SAVE IT
  2051  0c69  0600              	LD	B,0		;PARAMETER COUNTER
  2052  0c6b  110000            	LD	DE,BUFFER	;VECTOR
  2053  0c6e  cd0000            CALL1:	CALL	NXT
  2054  0c71  fe2c              	CP	','
  2055  0c73  2017              	JR	NZ,CALL2
  2056  0c75  fd23              	INC	IY
  2057  0c77  04                	INC	B
  2058  0c78  cd0000            	CALL	NXT
  2059  0c7b  c5                	PUSH	BC
  2060  0c7c  d5                	PUSH	DE
  2061  0c7d  cd3002            	CALL	VAR
  2062  0c80  d1                	POP	DE
  2063  0c81  c1                	POP	BC
  2064  0c82  13                	INC	DE
  2065  0c83  12                	LD	(DE),A		;PARAMETER TYPE
  2066  0c84  13                	INC	DE
  2067  0c85  eb                	EX	DE,HL
  2068  0c86  73                	LD	(HL),E		;PARAMETER ADDRESS
  2069  0c87  23                	INC	HL
  2070  0c88  72                	LD	(HL),D
  2071  0c89  eb                	EX	DE,HL
  2072  0c8a  18e2              	JR	CALL1
  2073  0c8c  78                CALL2:	LD	A,B
  2074  0c8d  320000            	LD	(BUFFER),A	;PARAMETER COUNT
  2075  0c90  e1                	POP	HL		;RESTORE ADDRESS
  2076  0c91  cd9b0c            	CALL	USR1
  2077  0c94  c3f400            	JP	XEQ
  2078                          ;
  2079                          ;USR(address)
  2080                          ;
  2081  0c97  cd0000            USR:	CALL	ITEMI
  2082  0c9a  d9                	EXX
  2083  0c9b  e5                USR1:	PUSH	HL		;ADDRESS ON STACK
  2084  0c9c  fde3              	EX	(SP),IY
  2085  0c9e  24                	INC	H		;PAGE &FF?
  2086  0c9f  21ca0c            	LD	HL,USR2		;RETURN ADDRESS
  2087  0ca2  e5                	PUSH	HL
  2088  0ca3  dd210000          	LD	IX,STAVAR
  2089  0ca7  cc0000            	CALL	Z,OSCALL	;INTERCEPT PAGE &FF
  2090  0caa  dd4e18            	LD	C,(IX+24)
  2091  0cad  c5                	PUSH	BC
  2092  0cae  f1                	POP	AF		;LOAD FLAGS
  2093  0caf  dd7e04            	LD	A,(IX+4)	;LOAD Z80 REGISTERS
  2094  0cb2  dd4608            	LD	B,(IX+8)
  2095  0cb5  dd4e0c            	LD	C,(IX+12)
  2096  0cb8  dd5610            	LD	D,(IX+16)
  2097  0cbb  dd5e14            	LD	E,(IX+20)
  2098  0cbe  dd6620            	LD	H,(IX+32)
  2099  0cc1  dd6e30            	LD	L,(IX+48)
  2100  0cc4  dd210000          	LD	IX,BUFFER
  2101  0cc8  fde9              	JP	(IY)		;OFF TO USER ROUTINE
  2102  0cca  fde1              USR2:	POP	IY
  2103  0ccc  af                	XOR	A
  2104  0ccd  4f                	LD	C,A
  2105  0cce  c9                	RET
  2106                          ;
  2107                          ; LEFT$(A$[,N]) = string
  2108                          ; MID$(A$,N[,M]) = string
  2109                          ; RIGHT$(A$[,N]) = string
  2110                          ;
  2111  0ccf  cd1802            LEFTSL: CALL    GETSTR
  2112  0cd2  2100ff            	LD	HL,0FF00H	;Default all but last
  2113  0cd5  2048              	JR	NZ,MIDSL1
  2114  0cd7  1826              	JR	MIDSL0
  2115                          ;
  2116  0cd9  cd1802            RITESL: CALL	GETSTR
  2117  0cdc  21ffff            	LD	HL,0FFFFH	;Default last char only
  2118  0cdf  203e              	JR	NZ,MIDSL1
  2119  0ce1  181c              	JR	MIDSL0
  2120                          ;
  2121  0ce3  cd1802            MIDSL:	CALL	GETSTR
  2122  0ce6  3e05              	LD	A,5
  2123  0ce8  c20000            	JP	NZ,ERROR	;'Missing comma'
  2124  0ceb  fd23              	INC	IY
  2125  0ced  dde5              	PUSH	IX
  2126  0cef  cd0000            	CALL	EXPRI
  2127  0cf2  dde1              	POP	IX
  2128  0cf4  d9                	EXX
  2129  0cf5  cd0000            	CALL	NXT
  2130  0cf8  2d                	DEC	L
  2131  0cf9  26fe              	LD	H,254		;Default rest of string
  2132  0cfb  fe2c              	CP	','
  2133  0cfd  2020              	JR	NZ,MIDSL1
  2134  0cff  fd23              MIDSL0:	INC	IY
  2135  0d01  e5                	PUSH	HL
  2136  0d02  dde5              	PUSH	IX
  2137  0d04  cd0000            	CALL	EXPRI
  2138  0d07  dde1              	POP	IX
  2139  0d09  d9                	EXX
  2140  0d0a  7d                	LD	A,L
  2141  0d0b  e1                	POP	HL
  2142  0d0c  b7                	OR	A
  2143  0d0d  280d              	JR	Z,MIDSL2	;Zero length
  2144  0d0f  3d                	DEC	A
  2145  0d10  85                	ADD	A,L
  2146  0d11  67                	LD	H,A
  2147  0d12  300b              	JR	NC,MIDSL1
  2148  0d14  7d                	LD	A,L
  2149  0d15  3c                	INC	A
  2150  0d16  2807              	JR	Z,MIDSL1
  2151  0d18  26fe              	LD	H,254
  2152  0d1a  1803              	JR	MIDSL1
  2153                          ;
  2154  0d1c  210100            MIDSL2:	LD	HL,1
  2155  0d1f  cd0000            MIDSL1:	CALL	BRAKET
  2156  0d22  cdaa11            	CALL	EQUALS
  2157  0d25  e5                	PUSH	HL
  2158  0d26  dde5              	PUSH	IX
  2159  0d28  cd0000            	CALL	EXPRS
  2160  0d2b  dde1              	POP	IX
  2161  0d2d  e1                	POP	HL
  2162  0d2e  4b                	LD	C,E
  2163  0d2f  dd4600            	LD	B,(IX+0)
  2164  0d32  dd5e02            	LD	E,(IX+2)
  2165  0d35  dd5603            	LD	D,(IX+3)
  2166                          ;
  2167                          ; Source string at ACCS, length C
  2168                          ; Destination string at DE, length B
  2169                          ; L = first character to modify 0-254
  2170                          ; H =  last character to modify 0-254
  2171                          ; IF L=255 THEN modify rightmost H + 2 chars
  2172                          ; ELSE IF H=255 modify all but last character
  2173                          ; ELSE IF L > H do nothing
  2174                          ; IX = destination VARPTR
  2175                          ;
  2176  0d38  7d                	LD	A,L
  2177  0d39  3c                	INC	A
  2178  0d3a  200f              	JR	NZ,SUBSL1
  2179  0d3c  24                	INC	H
  2180  0d3d  24                	INC	H
  2181  0d3e  79                	LD	A,C
  2182  0d3f  bc                	CP	H
  2183  0d40  3001              	JR	NC,SUBSL0
  2184  0d42  67                	LD	H,A
  2185  0d43  78                SUBSL0:	LD	A,B
  2186  0d44  94                	SUB	H
  2187  0d45  3001              	JR	NC,SUBSL6
  2188  0d47  af                	XOR	A
  2189  0d48  6f                SUBSL6:	LD	L,A
  2190  0d49  1812              	JR	SUBSL5
  2191                          ;
  2192  0d4b  7c                SUBSL1:	LD	A,H
  2193  0d4c  3c                	INC	A
  2194  0d4d  2006              	JR	NZ,SUBSL2
  2195  0d4f  78                	LD	A,B
  2196  0d50  d602              	SUB	2
  2197  0d52  3824              	JR	C,SUBSL9
  2198  0d54  67                	LD	H,A
  2199  0d55  7d                SUBSL2:	LD	A,L
  2200  0d56  b8                	CP	B
  2201  0d57  301f              	JR	NC,SUBSL9
  2202  0d59  7c                	LD	A,H
  2203  0d5a  b8                	CP	B
  2204  0d5b  3803              	JR	C,SUBSL3
  2205  0d5d  78                SUBSL5:	LD	A,B
  2206  0d5e  3d                	DEC	A
  2207  0d5f  67                	LD	H,A
  2208  0d60  7c                SUBSL3:	LD	A,H
  2209  0d61  95                	SUB	L
  2210  0d62  3814              	JR	C,SUBSL9
  2211  0d64  3c                	INC	A
  2212  0d65  b9                	CP	C
  2213  0d66  3801              	JR	C,SUBSL4
  2214  0d68  79                	LD	A,C
  2215  0d69  0600              SUBSL4:	LD	B,0
  2216  0d6b  60                	LD	H,B
  2217  0d6c  4f                	LD	C,A
  2218  0d6d  b7                	OR	A
  2219  0d6e  2808              	JR	Z,SUBSL9
  2220  0d70  eb                	EX	DE,HL
  2221  0d71  19                	ADD	HL,DE
  2222  0d72  eb                	EX	DE,HL
  2223  0d73  210000            	LD	HL,ACCS
  2224  0d76  edb0              	LDIR
  2225  0d78  c3f400            SUBSL9:	JP	XEQ
  2226                          ;
  2227                          ; EXIT FOR [var]
  2228                          ; EXIT REPEAT
  2229                          ; EXIT WHILE
  2230                          ;
  2231  0d7b  fd23              EXIT:	INC	IY		;Skip FOR/REPEAT/WHILE
  2232  0d7d  fee3              	CP	TFOR
  2233  0d7f  200c              	JR	NZ,EXIT0
  2234  0d81  dd210000          	LD	IX,0		;For EXIT FOR <var>
  2235  0d85  cd9111            	CALL	TERMQ
  2236  0d88  c40000            	CALL	NZ,GETVAR
  2237  0d8b  3ee3              	LD	A,TFOR
  2238  0d8d  1601              EXIT0:	LD	D,1		;Level for WSRCH
  2239  0d8f  5f                	LD	E,A
  2240  0d90  7b                EXIT1:	LD	A,E
  2241  0d91  c1                	POP	BC		;Marker
  2242  0d92  21bb05            	LD	HL,FORCHK
  2243  0d95  b7                	OR	A
  2244  0d96  ed42              	SBC	HL,BC
  2245  0d98  2825              	JR	Z,EXIT4
  2246  0d9a  214705            	LD	HL,REPCHK
  2247  0d9d  b7                	OR	A
  2248  0d9e  ed42              	SBC	HL,BC
  2249  0da0  2838              	JR	Z,EXIT6
  2250  0da2  21880a            	LD	HL,WHICHK
  2251  0da5  b7                	OR	A
  2252  0da6  ed42              	SBC	HL,BC
  2253  0da8  283a              	JR	Z,EXIT7
  2254  0daa  c5                	PUSH	BC		;Put back marker
  2255  0dab  dde5              	PUSH	IX
  2256  0dad  c1                	POP	BC
  2257  0dae  d9                	EXX
  2258  0daf  3e03              	LD	A,3
  2259  0db1  cd8c10            	CALL	RESLOC
  2260  0db4  d9                	EXX
  2261  0db5  c5                	PUSH	BC
  2262  0db6  dde1              	POP	IX
  2263  0db8  20d6              	JR	NZ,EXIT1
  2264  0dba  3e2c              	LD	A,44
  2265  0dbc  c30000            	JP	ERROR		;'Bad EXIT'
  2266                          ;
  2267  0dbf  c1                EXIT4:	POP	BC		;VARPTR
  2268  0dc0  210e00            	LD	HL,14		;Skip text pointer, limit & step
  2269  0dc3  39                	ADD	HL,SP
  2270  0dc4  f9                	LD	SP,HL		;Pop FOR record
  2271  0dc5  fee3              	CP	TFOR
  2272  0dc7  20c7              	JR	NZ,EXIT1
  2273  0dc9  dde5              	PUSH	IX
  2274  0dcb  e1                	POP	HL
  2275  0dcc  7c                	LD	A,H
  2276  0dcd  b5                	OR	L
  2277  0dce  2802              	JR	Z,EXIT5
  2278  0dd0  ed42              	SBC	HL,BC
  2279  0dd2  01e3ed            EXIT5:	LD	BC,TFOR+TNEXT*256
  2280  0dd5  2815              	JR	Z,EXIT8
  2281  0dd7  14                	INC	D		;Count nested FOR loops
  2282  0dd8  18b6              	JR	EXIT1
  2283                          ;
  2284  0dda  c1                EXIT6:	POP	BC		;Text pointer
  2285  0ddb  fef5              	CP	TREPEAT
  2286  0ddd  20b1              	JR	NZ,EXIT1
  2287  0ddf  01f5fd            	LD	BC,TREPEAT+TUNTIL*256
  2288  0de2  1808              	JR	EXIT8
  2289                          ;
  2290  0de4  c1                EXIT7:	POP	BC		;Text pointer
  2291  0de5  fec7              	CP	TWHILE
  2292  0de7  20a7              	JR	NZ,EXIT1
  2293  0de9  01c7ce            	LD	BC,TWHILE+TENDWHILE*256
  2294  0dec  cdab12            EXIT8:	CALL	WSRCH
  2295  0def  cd9d11            	CALL	SPAN		;Skip UNTIL expression
  2296  0df2  c3f400            	JP	XEQ
  2297                          ;
  2298                          ;PUT port,data
  2299                          ;
  2300  0df5  cd0000            PUT:	CALL	EXPRI		;PORT ADDRESS
  2301  0df8  d9                	EXX
  2302  0df9  e5                	PUSH	HL
  2303  0dfa  cd0000            	CALL	COMMA
  2304  0dfd  cd0000            	CALL	EXPRI		;DATA
  2305  0e00  d9                	EXX
  2306  0e01  c1                	POP	BC
  2307  0e02  ed69              	OUT	(C),L		;OUTPUT TO PORT BC
  2308  0e04  c3f400            	JP	XEQ
  2309                          ;
  2310                          ;SUBROUTINES:
  2311                          ;
  2312                          ;ASSIGN - Assign a numeric value to a variable.
  2313                          ;Outputs: NC,  Z     - OK, numeric scalar
  2314                          ;         NC, NZ, PE - OK, string array  (D = type, E = operator)
  2315                          ; else if NC, NZ, P  - OK, numeric array (D = type, E = operator)
  2316                          ; else if NC, NZ     - OK, string scalar
  2317                          ;          C, NZ     - illegal / invalid
  2318                          ;
  2319  0e07  cd0000            ASSIGN:	CALL	GETVAR		;VARIABLE
  2320  0e0a  d8                	RET	C		;ILLEGAL VARIABLE
  2321  0e0b  c40000            	CALL	NZ,PUTVAR
  2322  0e0e  57                	LD	D,A		;Type
  2323  0e0f  cd0000            	CALL	NXT
  2324  0e12  fd23              	INC	IY
  2325  0e14  5f                	LD	E,A		;Operator (or =)
  2326  0e15  fe3d              	CP	'='
  2327  0e17  c4aa11            	CALL	NZ,EQUALS
  2328  0e1a  7a                	LD	A,D
  2329  0e1b  e6c0              	AND	11000000B
  2330  0e1d  c0                	RET	NZ		;String or array
  2331  0e1e  d5                	PUSH	DE
  2332  0e1f  e5                	PUSH	HL
  2333  0e20  cd0000            	CALL	EXPRN
  2334  0e23  dde1              	POP	IX
  2335  0e25  d1                	POP	DE
  2336                          ;
  2337                          ; Falls through to...
  2338                          ;
  2339                          ; MODIFY - Update numeric variable according to operator:
  2340                          ;   Inputs: D = type
  2341                          ;           E = operator
  2342                          ;           HLH'L'C = value
  2343                          ;           IX = destination VARPTR
  2344                          ; Destroys: Everything except IX,IY,SP
  2345                          ;
  2346  0e26  7b                MODIFY:	LD	A,E
  2347  0e27  fe3d              	CP	'='
  2348  0e29  281b              	JR	Z,STORE0	;Simple assignment
  2349  0e2b  d5                	PUSH	DE
  2350  0e2c  d9                	EXX
  2351  0e2d  eb                	EX	DE,HL
  2352  0e2e  d9                	EXX
  2353  0e2f  eb                	EX	DE,HL
  2354  0e30  41                	LD	B,C
  2355  0e31  e3                	EX	(SP),HL
  2356  0e32  7c                	LD	A,H
  2357  0e33  e3                	EX	(SP),HL
  2358  0e34  cd0000            	CALL	LOADN
  2359  0e37  e3                	EX	(SP),HL
  2360  0e38  7d                	LD	A,L
  2361  0e39  e3                	EX	(SP),HL
  2362  0e3a  e60f              	AND	15
  2363  0e3c  dde5              	PUSH	IX
  2364  0e3e  cd0000            	CALL	FPP
  2365  0e41  dde1              	POP	IX
  2366  0e43  d1                	POP	DE
  2367  0e44  3842              	JR	C,ERRORC
  2368  0e46  7a                STORE0:	LD	A,D		;Type
  2369  0e47  fe05              STOREN:	CP	5
  2370  0e49  2812              	JR	Z,STORE5
  2371  0e4b  f5                	PUSH	AF
  2372  0e4c  0c                	INC	C		;SPEED - & PRESERVE F'
  2373  0e4d  0d                	DEC	C		; WHEN CALLED BY FNEND0
  2374  0e4e  c40000            	CALL	NZ,SFIX		;CONVERT TO INTEGER
  2375  0e51  f1                	POP	AF
  2376  0e52  fe04              	CP	4
  2377  0e54  280a              	JR	Z,STORE4
  2378  0e56  bf                	CP	A		;SET ZERO
  2379  0e57  d9                STORE1:	EXX
  2380  0e58  dd7500            	LD	(IX+0),L
  2381  0e5b  d9                	EXX
  2382  0e5c  c9                	RET
  2383                          ;
  2384  0e5d  dd7104            STORE5:	LD	(IX+4),C
  2385  0e60  d9                STORE4:	EXX
  2386  0e61  dd7500            	LD	(IX+0),L
  2387  0e64  dd7401            	LD	(IX+1),H
  2388  0e67  d9                	EXX
  2389  0e68  dd7502            	LD	(IX+2),L
  2390  0e6b  dd7403            	LD	(IX+3),H
  2391  0e6e  c9                	RET
  2392                          ;
  2393                          ; MODIFS - Update string variable according to operator:
  2394                          ;   Inputs: H = type
  2395                          ;           L = operator (= or +)
  2396                          ;           E = string length (string in accumulator)
  2397                          ;           IX = destination VARPTR
  2398                          ; Destroys: Everything except SP, IY
  2399                          ;
  2400  0e6f  7d                MODIFS:	LD	A,L		;Operator
  2401  0e70  fe2b              	CP	'+'
  2402  0e72  7c                	LD	A,H			;Type
  2403  0e73  2024              	JR	NZ,STACCS
  2404  0e75  dde5              	PUSH	IX
  2405  0e77  fde3              	EX	(SP),IY
  2406  0e79  cd0000            	CALL	PUSHS
  2407  0e7c  fde5              	PUSH	IY
  2408  0e7e  dde1              	POP	IX
  2409  0e80  cd0000            	CALL	LOADS
  2410  0e83  c1                	POP	BC
  2411  0e84  7b                	LD	A,E
  2412  0e85  81                	ADD	C
  2413  0e86  3e13              	LD	A,19		;String too long
  2414  0e88  3861              ERRORC:	JR	C,ERROR6
  2415  0e8a  78                	LD	A,B		;Type
  2416  0e8b  0c                	INC	C
  2417  0e8c  0d                	DEC	C
  2418  0e8d  2808              	JR	Z,MODFS1	;Zero length
  2419  0e8f  210000            	LD	HL,0
  2420  0e92  44                	LD	B,H
  2421  0e93  39                	ADD	HL,SP
  2422  0e94  edb0              	LDIR
  2423  0e96  f9                	LD	SP,HL
  2424  0e97  fde1              MODFS1:	POP	IY
  2425                          ;
  2426                          ; Falls through to:
  2427                          ;
  2428  0e99  210000            STACCS:	LD	HL,ACCS
  2429  0e9c  1f                STORES:	RRA
  2430  0e9d  304f              	JR	NC,STORS3	;FIXED STRING
  2431  0e9f  e5                	PUSH	HL
  2432  0ea0  cd0000            	CALL	LOAD4
  2433  0ea3  7b                	LD	A,E		;LENGTH OF STRING
  2434  0ea4  d9                	EXX
  2435  0ea5  6f                	LD	L,A
  2436  0ea6  7c                	LD	A,H		;LENGTH ALLOCATED
  2437  0ea7  d9                	EXX
  2438  0ea8  bb                	CP	E
  2439  0ea9  3024              	JR	NC,STORS1	;ENOUGH ROOM
  2440  0eab  d9                	EXX
  2441  0eac  65                	LD	H,L
  2442  0ead  d9                	EXX
  2443  0eae  e5                	PUSH	HL
  2444  0eaf  0600              	LD	B,0
  2445  0eb1  4f                	LD	C,A
  2446  0eb2  09                	ADD	HL,BC
  2447  0eb3  ed4b0000          	LD	BC,(FREE)
  2448  0eb7  ed42              	SBC	HL,BC		;IS STRING LAST?
  2449  0eb9  e1                	POP	HL
  2450  0eba  2812              	JR	Z,STORS0
  2451  0ebc  60                	LD	H,B
  2452  0ebd  69                	LD	L,C		;DESTINATION
  2453                          ;
  2454  0ebe  b7                	OR	A		;V5 optimisation
  2455  0ebf  280d              	JR	Z,STORS0
  2456  0ec1  7b                	LD	A,E
  2457  0ec2  5f                STORS2:	LD	E,A
  2458  0ec3  1d                	DEC	E
  2459  0ec4  a3                	AND	E
  2460  0ec5  20fb              	JR	NZ,STORS2
  2461  0ec7  37                	SCF
  2462  0ec8  cb13              	RL	E
  2463  0eca  7b                	LD	A,E
  2464  0ecb  d9                	EXX
  2465  0ecc  67                	LD	H,A
  2466  0ecd  d9                	EXX
  2467                          ;
  2468  0ece  37                STORS0:	SCF
  2469  0ecf  cd600e            STORS1:	CALL	STORE4		;PRESERVES CARRY!
  2470  0ed2  0600              	LD	B,0
  2471  0ed4  4b                	LD	C,E
  2472  0ed5  eb                	EX	DE,HL
  2473  0ed6  e1                	POP	HL
  2474  0ed7  0d                	DEC	C
  2475  0ed8  0c                	INC	C
  2476  0ed9  c8                	RET	Z		;NULL STRING
  2477  0eda  edb0              	LDIR
  2478  0edc  d0                	RET	NC		;STRING REPLACED
  2479  0edd  ed530000          	LD	(FREE),DE
  2480  0ee1  e5                CHECK:	PUSH	HL
  2481  0ee2  2a0000            	LD	HL,(FREE)
  2482  0ee5  24                	INC	H
  2483  0ee6  ed72              	SBC	HL,SP
  2484  0ee8  e1                	POP	HL
  2485  0ee9  d8                	RET	C
  2486  0eea  af                	XOR	A
  2487  0eeb  c30000            ERROR6:	JP	ERROR		;"No room"
  2488                          ;
  2489  0eee  4b                STORS3:	LD	C,E
  2490  0eef  dde5              	PUSH	IX
  2491  0ef1  d1                	POP	DE
  2492  0ef2  af                	XOR	A
  2493  0ef3  47                	LD	B,A
  2494  0ef4  b9                	CP	C
  2495  0ef5  2802              	JR	Z,STORS5
  2496  0ef7  edb0              	LDIR
  2497  0ef9  3e0d              STORS5:	LD	A,CR
  2498  0efb  12                	LD	(DE),A
  2499  0efc  c9                	RET
  2500                          ;
  2501                          ; SAVRET - SAVE 'RETURNed' PARAMETER INFO
  2502                          ;
  2503  0efd  dd7500            SAVRET:	LD	(IX+0),L		;Formal VARPTR
  2504  0f00  dd7401            	LD	(IX+1),H
  2505  0f03  dd7702            	LD	(IX+2),A
  2506  0f06  fde3              	EX	(SP),IY
  2507  0f08  f5                	PUSH	AF
  2508  0f09  fde5              	PUSH	IY
  2509  0f0b  dde5              	PUSH	IX
  2510  0f0d  cd0000            	CALL	NXT
  2511  0f10  cd3002            	CALL	VAR
  2512  0f13  dde1              	POP	IX
  2513  0f15  dd7504            	LD	(IX+4),L		;Actual VARPTR
  2514  0f18  dd7405            	LD	(IX+5),H
  2515  0f1b  dd7706            	LD	(IX+6),A
  2516  0f1e  fde1              	POP	IY
  2517  0f20  f1                	POP	AF
  2518  0f21  010800            	LD	BC,8
  2519  0f24  dd09              	ADD	IX,BC
  2520  0f26  182d              	JR	ARGUE0
  2521                          ;
  2522                          ;ARGUE: TRANSFER FN OR PROC ARGUMENTS FROM THE
  2523                          ; CALLING STATEMENT TO THE DUMMY VARIABLES VIA
  2524                          ; THE STACK.  IT MUST BE DONE THIS WAY TO MAKE
  2525                          ; PROCFRED(A,B)    DEF PROCFRED(B,A)     WORK.
  2526                          ;   Inputs: DE addresses parameter list
  2527                          ;           IY addresses dummy variable list
  2528                          ;           IX addresses RETURNed parameter data block
  2529                          ;  Outputs: DE,IY updated
  2530                          ; Destroys: Everything
  2531                          ;
  2532  0f28  3eff              ARGUE:	LD	A,-1
  2533  0f2a  f5                	PUSH	AF		;PUT MARKER ON STACK
  2534  0f2b  fd23              ARGUE1:	INC	IY		;BUMP PAST ( OR ,
  2535  0f2d  13                	INC	DE
  2536  0f2e  d5                	PUSH	DE
  2537  0f2f  0600              	LD	B,0
  2538  0f31  cd0000            	CALL	NXT
  2539  0f34  fef8              	CP	TRETURN
  2540  0f36  2006              	JR	NZ,ARGUE9
  2541  0f38  fd23              	INC	IY		;SKIP 'RETURN'
  2542  0f3a  cd0000            	CALL	NXT
  2543  0f3d  04                	INC	B		;FLAG 'RETURN'
  2544  0f3e  c5                ARGUE9:	PUSH	BC
  2545  0f3f  dde5              	PUSH	IX
  2546  0f41  cd0000            	CALL	GETVAR		;FORMAL PARAMETER
  2547  0f44  3849              	JR	C,ARGERR
  2548  0f46  c40000            	CALL	NZ,PUTVAR
  2549  0f49  dde1              	POP	IX
  2550  0f4b  c1                	POP	BC
  2551  0f4c  d1                	POP	DE
  2552  0f4d  e5                	PUSH	HL		;VARPTR
  2553  0f4e  f5                	PUSH	AF
  2554  0f4f  d5                	PUSH	DE
  2555  0f50  05                	DEC	B
  2556  0f51  28aa              	JR	Z,SAVRET
  2557  0f53  fde3              	EX	(SP),IY
  2558  0f55  cb77              ARGUE0:	BIT	6,A		;ARRAY?
  2559  0f57  203b              	JR	NZ,ARGUE3
  2560  0f59  b7                	OR	A		;TYPE
  2561  0f5a  fa700f            	JP	M,ARGUE2	;STRING
  2562  0f5d  dde5              	PUSH	IX
  2563  0f5f  cd0000            	CALL	EXPRN		;ACTUAL PARAMETER
  2564  0f62  dde1              	POP	IX
  2565  0f64  fde3              	EX	(SP),IY
  2566  0f66  d1                	POP	DE
  2567  0f67  f1                	POP	AF
  2568  0f68  d9                	EXX
  2569  0f69  e5                	PUSH	HL
  2570  0f6a  d9                	EXX
  2571  0f6b  e5                	PUSH	HL
  2572  0f6c  47                	LD	B,A
  2573  0f6d  c5                	PUSH	BC
  2574  0f6e  1813              	JR	ARGUE4
  2575                          ;
  2576  0f70  dde5              ARGUE2:	PUSH	IX
  2577  0f72  cd0000            	CALL	EXPRS
  2578  0f75  d9                	EXX
  2579  0f76  c1                	POP	BC
  2580  0f77  fde3              	EX	(SP),IY
  2581  0f79  d1                	POP	DE
  2582  0f7a  d9                	EXX
  2583  0f7b  f1                	POP	AF
  2584  0f7c  cd0000            	CALL	PUSHS
  2585  0f7f  d9                	EXX
  2586  0f80  c5                	PUSH	BC
  2587  0f81  dde1              	POP	IX
  2588  0f83  cd0000            ARGUE4:	CALL	NXT
  2589  0f86  fe2c              	CP	','
  2590  0f88  2027              	JR	NZ,ARGUE5
  2591  0f8a  1a                	LD	A,(DE)
  2592  0f8b  fe2c              	CP	','
  2593  0f8d  289c              	JR	Z,ARGUE1	;ANOTHER
  2594  0f8f  3e1f              ARGERR:	LD	A,31
  2595  0f91  c30000            	JP	ERROR		;"Bad arguments"
  2596                          ;
  2597  0f94  dde5              ARGUE3:	PUSH	IX
  2598  0f96  cd0000            	CALL	NXT
  2599  0f99  cd0000            	CALL	GETVAR
  2600  0f9c  38f1              	JR	C,ARGERR
  2601  0f9e  dd4e00            	LD	C,(IX+0)
  2602  0fa1  dd4601            	LD	B,(IX+1)
  2603  0fa4  dde1              	POP	IX
  2604  0fa6  cd0000            	CALL	NXT
  2605  0fa9  fde3              	EX	(SP),IY
  2606  0fab  d1                	POP	DE
  2607  0fac  f1                	POP	AF
  2608  0fad  c5                	PUSH	BC		;STACK ARRAY POINTER
  2609  0fae  f5                	PUSH	AF		;STACK TYPE
  2610  0faf  18d2              	JR	ARGUE4
  2611                          ;
  2612  0fb1  cd0000            ARGUE5:	CALL	BRAKET
  2613  0fb4  1a                	LD	A,(DE)
  2614  0fb5  fe29              	CP	')'
  2615  0fb7  20d6              	JR	NZ,ARGERR
  2616  0fb9  13                	INC	DE
  2617  0fba  d9                UNSTAK:	EXX
  2618  0fbb  c1                ARGUE6:	POP	BC
  2619  0fbc  78                	LD	A,B
  2620  0fbd  3c                	INC	A
  2621  0fbe  d9                	EXX
  2622  0fbf  c8                	RET	Z		;MARKER POPPED
  2623  0fc0  d9                	EXX
  2624  0fc1  3d                	DEC	A
  2625  0fc2  cb77              	BIT	6,A		;ARRAY
  2626  0fc4  2019              	JR	NZ,ARGUE8
  2627  0fc6  b7                	OR	A
  2628  0fc7  fad50f            	JP	M,ARGUE7	;STRING
  2629  0fca  e1                	POP	HL
  2630  0fcb  d9                	EXX
  2631  0fcc  e1                	POP	HL
  2632  0fcd  d9                	EXX
  2633  0fce  dde1              	POP	IX
  2634  0fd0  cd470e            	CALL	STOREN		;WRITE TO DUMMY
  2635  0fd3  18e6              	JR	ARGUE6
  2636                          ;
  2637  0fd5  cd0000            ARGUE7:	CALL	POPS
  2638  0fd8  dde1              	POP	IX
  2639  0fda  cd990e            	CALL	STACCS
  2640  0fdd  18dc              	JR	ARGUE6
  2641                          ;
  2642  0fdf  c1                ARGUE8:	POP	BC		;ARRAY POINTER
  2643  0fe0  dde1              	POP	IX
  2644  0fe2  dd7100            	LD	(IX+0),C
  2645  0fe5  dd7001            	LD	(IX+1),B
  2646  0fe8  18d1              	JR	ARGUE6
  2647                          ;
  2648                          ;Restore RETURNed parameters, via the stack to ensure that
  2649                          ; PROCFRED(A,B)    DEF PROCFRED(RETURN B,RETURN A)  works.
  2650                          ;
  2651  0fea  3eff              RETXFR:	LD	A,-1
  2652  0fec  f5                	PUSH	AF		;PUT MARKER ON STACK
  2653  0fed  d9                RETXF1:	EXX
  2654  0fee  dd6e04            	LD	L,(IX+4)	;Actual parameter (destination)
  2655  0ff1  dd6605            	LD	H,(IX+5)
  2656  0ff4  e5                	PUSH	HL		;STACK VARPTR
  2657  0ff5  dd6e00            	LD	L,(IX+0)	;Formal parameter (source)
  2658  0ff8  dd6601            	LD	H,(IX+1)
  2659  0ffb  dd7e02            	LD	A,(IX+2)
  2660  0ffe  cb77              	BIT	6,A		;ARRAY?
  2661  1000  2019              	JR	NZ,RETXF3
  2662  1002  b7                	OR	A		;TYPE
  2663  1003  fa2110            	JP	M,RETXF2	;STRING
  2664  1006  e5                	PUSH	HL
  2665  1007  dde3              	EX	(SP),IX
  2666  1009  cd0000            	CALL	LOADN
  2667  100c  dde1              	POP	IX
  2668  100e  d9                	EXX			;STACK VALUE
  2669  100f  e5                	PUSH	HL
  2670  1010  d9                	EXX
  2671  1011  e5                	PUSH	HL
  2672  1012  dd4606            RETXF6:	LD	B,(IX+6)
  2673  1015  c5                	PUSH	BC		;TYPE & EXPONENT
  2674  1016  cde10e            RETXF5:	CALL	CHECK		;CHECK ROOM
  2675  1019  181e              	JR	RETXF4
  2676                          ;
  2677  101b  5e                RETXF3:	LD	E,(HL)
  2678  101c  23                	INC	HL
  2679  101d  56                	LD	D,(HL)
  2680  101e  d5                	PUSH	DE		;STACK ARRAY POINTER
  2681  101f  18f1              	JR	RETXF6
  2682                          ;
  2683  1021  e5                RETXF2:	PUSH	HL
  2684  1022  dde3              	EX	(SP),IX
  2685  1024  cd0000            	CALL	LOADS
  2686  1027  dde1              	POP	IX
  2687  1029  dd7e06            	LD	A,(IX+6)
  2688  102c  d9                	EXX
  2689  102d  dde5              	PUSH	IX
  2690  102f  e1                	POP	HL
  2691  1030  d9                	EXX
  2692  1031  cd0000            	CALL	PUSHS
  2693  1034  d9                	EXX
  2694  1035  e5                	PUSH	HL
  2695  1036  dde1              	POP	IX
  2696  1038  d9                	EXX
  2697  1039  110800            RETXF4:	LD	DE,8
  2698  103c  dd19              	ADD	IX,DE
  2699  103e  d9                	EXX
  2700  103f  10ac              	DJNZ	RETXF1
  2701  1041  c3ba0f            	JP	UNSTAK
  2702                          ;
  2703                          ;Restore 'RETURNed' parameters,
  2704                          ;
  2705  1044  c1                RESRET:	POP	BC		;B = 'RETURN' COUNT
  2706  1045  2600              	LD	H,0
  2707  1047  68                	LD	L,B
  2708  1048  29                	ADD	HL,HL
  2709  1049  29                	ADD	HL,HL
  2710  104a  29                	ADD	HL,HL		;RETURN COUNT * 8
  2711  104b  39                	ADD	HL,SP
  2712  104c  dd210000          	LD	IX,0
  2713  1050  dd39              	ADD	IX,SP		;ADDRESS PARAMETER LIST
  2714  1052  f5                	PUSH	AF
  2715  1053  d5                	PUSH	DE
  2716  1054  e5                	PUSH	HL
  2717  1055  d9                	EXX
  2718  1056  c5                	PUSH	BC
  2719  1057  d5                	PUSH	DE
  2720  1058  d9                	EXX
  2721  1059  78                	LD	A,B
  2722  105a  210000            	LD	HL,ACCS
  2723  105d  110000            	LD	DE,BUFFER
  2724  1060  01ff00            	LD	BC,255
  2725  1063  edb0              	LDIR
  2726  1065  47                	LD	B,A
  2727  1066  cdea0f            	CALL	RETXFR		;TRANSFER VIA STACK
  2728  1069  210000            	LD	HL,BUFFER
  2729  106c  110000            	LD	DE,ACCS
  2730  106f  01ff00            	LD	BC,255
  2731  1072  edb0              	LDIR
  2732  1074  d9                	EXX
  2733  1075  d1                	POP	DE
  2734  1076  c1                	POP	BC
  2735  1077  d9                	EXX
  2736  1078  e1                	POP	HL
  2737  1079  d1                	POP	DE
  2738  107a  f1                	POP	AF
  2739  107b  180a              	JR	RESAR1
  2740                          ;
  2741                          ; Restore LOCAL array or memory block:
  2742                          ;
  2743  107d  c1                RESARR:	POP	BC
  2744  107e  cb78              	BIT	7,B		;String array?
  2745  1080  e1                	POP	HL
  2746  1081  c1                	POP	BC
  2747  1082  09                	ADD	HL,BC
  2748  1083  39                	ADD	HL,SP
  2749  1084  c43e13            	CALL	NZ,FREESA	;Free string array
  2750  1087  f9                RESAR1:	LD	SP,HL
  2751  1088  dd23              	INC	IX		;Flag something restored
  2752  108a  1805              	JR	RESLO1
  2753                          ;
  2754                          ; RESLOC - Restore local variables/arrays or DATA/ERROR status from stack
  2755                          ;   Inputs: A = 0 if everything OK, bit0 set if DATPTR, bit1 set if ERRTRP
  2756                          ;  Outputs: Z if nothing was restored, NZ if something was restored
  2757                          ; Destroys: A,B,C,D,E,H,L,H',L',IX,SP,flags
  2758                          ;
  2759  108c  d1                RESLOC:	POP	DE		;Return address
  2760  108d  dd210000          	LD	IX,0		;To flag nothing was restored
  2761  1091  c1                RESLO1:	POP	BC		;Marker ?
  2762  1092  218511            	LD	HL,LOCCHK
  2763  1095  b7                	OR	A
  2764  1096  ed42              	SBC	HL,BC
  2765  1098  281a              	JR	Z,RESLO2	;Something to restore
  2766  109a  b7                	OR	A
  2767  109b  200f              	JR	NZ,RESLO8
  2768  109d  21ca06            	LD	HL,RETCHK
  2769  10a0  ed42              	SBC	HL,BC
  2770  10a2  28a0              	JR	Z,RESRET
  2771  10a4  213603            	LD	HL,ARRCHK
  2772  10a7  b7                	OR	A
  2773  10a8  ed42              	SBC	HL,BC
  2774  10aa  28d1              	JR	Z,RESARR
  2775  10ac  dde5              RESLO8:	PUSH	IX
  2776  10ae  e1                	POP	HL
  2777  10af  7c                	LD	A,H
  2778  10b0  b5                	OR	L
  2779  10b1  c5                RESLO0:	PUSH	BC		;Put back marker
  2780  10b2  eb                	EX	DE,HL
  2781  10b3  e9                	JP	(HL)		;Return
  2782                          ;
  2783  10b4  dde1              RESLO2:	POP	IX		;Variable pointer
  2784  10b6  b7                	OR	A
  2785  10b7  2820              	JR	Z,RESLO3	;Everything allowed
  2786  10b9  dde5              	PUSH	IX
  2787  10bb  c1                	POP	BC
  2788  10bc  cb47              	BIT	0,A
  2789  10be  2807              	JR	Z,RESLO6	;Bit 0 set, so
  2790  10c0  210000            	LD	HL,DATPTR	;test for DATPTR
  2791  10c3  ed42              	SBC	HL,BC
  2792  10c5  2812              	JR	Z,RESLO3
  2793  10c7  b7                RESLO6:	OR	A
  2794  10c8  cb4f              	BIT	1,A
  2795  10ca  2807              	JR	Z,RESLO7	;Bit 1 set, so
  2796  10cc  210000            	LD	HL,ERRTRP	;test for ERRPTR
  2797  10cf  ed42              	SBC	HL,BC
  2798  10d1  2806              	JR	Z,RESLO3
  2799  10d3  c5                RESLO7:	PUSH	BC		;Put back pointer
  2800  10d4  018511            	LD	BC,LOCCHK
  2801  10d7  18d8              	JR	RESLO0
  2802                          ;
  2803  10d9  c1                RESLO3:	POP	BC		;Type / exponent
  2804  10da  cb70              	BIT	6,B
  2805  10dc  2014              	JR	NZ,RESLO4	;Array?
  2806  10de  cb78              	BIT	7,B
  2807  10e0  2023              	JR	NZ,RESLO5	;String?
  2808  10e2  e1                	POP	HL
  2809  10e3  d9                	EXX
  2810  10e4  e1                	POP	HL
  2811  10e5  d9                	EXX
  2812  10e6  cb60              	BIT	4,B
  2813  10e8  20a7              	JR	NZ,RESLO1
  2814  10ea  f5                	PUSH	AF
  2815  10eb  78                	LD	A,B
  2816  10ec  cd470e            	CALL	STOREN		;Numeric
  2817  10ef  f1                	POP	AF
  2818  10f0  189f              	JR	RESLO1
  2819                          ;
  2820  10f2  e1                RESLO4:	POP	HL
  2821  10f3  cb60              	BIT	4,B
  2822  10f5  209a              	JR	NZ,RESLO1
  2823  10f7  dd7500            	LD	(IX+0),L	;Array
  2824  10fa  dd7401            	LD	(IX+1),H
  2825  10fd  1892              	JR	RESLO1
  2826                          ;
  2827  10ff  0600              RESLO9:	LD	B,0
  2828  1101  09                	ADD	HL,BC
  2829  1102  f9                	LD	SP,HL
  2830  1103  188c              RESLGO:	JR	RESLO1
  2831                          ;
  2832  1105  210000            RESLO5:	LD	HL,0
  2833  1108  39                	ADD	HL,SP
  2834  1109  cb60              	BIT	4,B
  2835  110b  20f2              	JR	NZ,RESLO9
  2836  110d  f5                	PUSH	AF
  2837  110e  d5                	PUSH	DE
  2838  110f  59                	LD	E,C
  2839  1110  78                	LD	A,B
  2840  1111  cd9c0e            	CALL	STORES		;String
  2841  1114  d1                	POP	DE
  2842  1115  f1                	POP	AF
  2843  1116  f9                	LD	SP,HL
  2844  1117  18ea              	JR	RESLGO
  2845                          ;
  2846                          ;SAVLOC: SUBROUTINE TO STACK LOCAL PARAMETERS
  2847                          ;  OF A FUNCTION OR PROCEDURE.
  2848                          ;THERE IS A LOT OF STACK MANIPULATION - CARE!!
  2849                          ;   Inputs: IY is parameters pointer
  2850                          ;  Outputs: IY updated
  2851                          ;           A' incremented for each RETURN
  2852                          ; Destroys: A',A,B,C,D,E,H,L,IX,IY,F,SP
  2853                          ;
  2854  1119  d1                SAVLOC:	POP	DE		;RETURN ADDRESS
  2855  111a  fd23              SAVLO1:	INC	IY		;BUMP PAST ( OR ,
  2856  111c  cd0000            	CALL	NXT
  2857  111f  fef8              	CP	TRETURN
  2858  1121  2008              	JR	NZ,SAVLO6
  2859  1123  08                	EX	AF,AF'
  2860  1124  3c                	INC	A		;RETURN counter
  2861  1125  08                	EX	AF,AF'
  2862  1126  fd23              	INC	IY		;Bump past RETURN
  2863  1128  cd0000            	CALL	NXT
  2864  112b  d5                SAVLO6:	PUSH	DE
  2865  112c  d9                	EXX
  2866  112d  c5                	PUSH	BC
  2867  112e  d5                	PUSH	DE
  2868  112f  e5                	PUSH	HL
  2869  1130  d9                	EXX
  2870  1131  cd3002            	CALL	VAR		;DUMMY VARIABLE
  2871  1134  d9                	EXX
  2872  1135  e1                	POP	HL
  2873  1136  d1                	POP	DE
  2874  1137  c1                	POP	BC
  2875  1138  d9                	EXX
  2876  1139  d1                	POP	DE
  2877  113a  cb77              	BIT	6,A		;ARRAY?
  2878  113c  2012              	JR	NZ,SAVLO3
  2879  113e  b7                	OR	A		;TYPE
  2880  113f  fa5a11            	JP	M,SAVLO2	;STRING
  2881  1142  d9                	EXX
  2882  1143  e5                	PUSH	HL		;SAVE H'L'
  2883  1144  d9                	EXX
  2884  1145  47                	LD	B,A		;TYPE
  2885  1146  cd0000            	CALL	LOADN
  2886  1149  d9                	EXX
  2887  114a  e3                	EX	(SP),HL
  2888  114b  d9                	EXX
  2889  114c  e5                	PUSH	HL
  2890  114d  c5                	PUSH	BC
  2891  114e  1830              	JR	SAVLO4
  2892                          ;
  2893  1150  dd4e00            SAVLO3:	LD	C,(IX+0)	;ARRAY POINTER
  2894  1153  dd4601            	LD	B,(IX+1)
  2895  1156  c5                	PUSH	BC		;SAVE TO STACK
  2896  1157  f5                	PUSH	AF		;SAVE TYPE
  2897  1158  1826              	JR	SAVLO4
  2898                          ;
  2899  115a  f5                SAVLO2:	PUSH	AF		;STRING TYPE
  2900  115b  d5                	PUSH	DE
  2901  115c  d9                	EXX
  2902  115d  e5                	PUSH	HL
  2903  115e  d9                	EXX
  2904  115f  cd0000            	CALL	LOADS
  2905  1162  d9                	EXX
  2906  1163  e1                	POP	HL
  2907  1164  d9                	EXX
  2908  1165  4b                	LD	C,E
  2909  1166  d1                	POP	DE
  2910  1167  cde10e            	CALL	CHECK
  2911  116a  f1                	POP	AF		;LEVEL STACK
  2912  116b  210000            	LD	HL,0
  2913  116e  45                	LD	B,L
  2914  116f  ed42              	SBC	HL,BC
  2915  1171  39                	ADD	HL,SP
  2916  1172  f9                	LD	SP,HL
  2917  1173  47                	LD	B,A		;TYPE
  2918  1174  c5                	PUSH	BC
  2919  1175  2809              	JR	Z,SAVLO4
  2920  1177  d5                	PUSH	DE
  2921  1178  110000            	LD	DE,ACCS
  2922  117b  eb                	EX	DE,HL
  2923  117c  45                	LD	B,L
  2924  117d  edb0              	LDIR			;SAVE STRING ON STACK
  2925  117f  d1                	POP	DE
  2926  1180  dde5              SAVLO4:	PUSH	IX		;VARPTR
  2927  1182  cd8511            	CALL	SAVLO5
  2928                          LOCCHK	EQU	$
  2929  1185  cde10e            SAVLO5:	CALL	CHECK
  2930  1188  cd0000            	CALL	NXT
  2931  118b  fe2c              	CP	','		;MORE?
  2932  118d  288b              	JR	Z,SAVLO1
  2933  118f  eb                	EX	DE,HL
  2934  1190  e9                	JP	(HL)		;"RETURN"
  2935                          ;
  2936  1191  cd0000            TERMQ:	CALL	NXT
  2937  1194  fe8b              	CP	TELSE
  2938  1196  d0                	RET	NC
  2939  1197  fe3a              	CP	':'		;ASSEMBLER SEPARATOR
  2940  1199  d0                	RET	NC
  2941  119a  fe0d              	CP	CR
  2942  119c  c9                	RET
  2943                          ;
  2944  119d  cd9111            SPAN:	CALL	TERMQ
  2945  11a0  c8                	RET	Z
  2946  11a1  fd23              	INC	IY
  2947  11a3  fe22              	CP	'"'
  2948  11a5  ccf412            	CALL	Z,QUOTE
  2949  11a8  18f3              	JR	SPAN
  2950                          ;
  2951  11aa  cd0000            EQUALS:	CALL	NXT
  2952  11ad  fd23              	INC	IY
  2953  11af  fe3d              	CP	'='
  2954  11b1  c8                	RET	Z
  2955  11b2  3e04              	LD	A,4
  2956  11b4  c30000            	JP	ERROR		;"Mistake"
  2957                          ;
  2958  11b7  fe8a              FORMAT:	CP	TTAB
  2959  11b9  280c              	JR	Z,DOTAB
  2960  11bb  fe89              	CP	TSPC
  2961  11bd  2838              	JR	Z,DOSPC
  2962  11bf  fe27              	CP	'\''
  2963  11c1  c0                	RET	NZ
  2964  11c2  cd0000            	CALL	CRLF
  2965  11c5  af                	XOR	A
  2966  11c6  c9                	RET
  2967                          ;
  2968  11c7  c5                DOTAB:	PUSH	BC
  2969  11c8  cd0000            	CALL	EXPRI
  2970  11cb  d9                	EXX
  2971  11cc  c1                	POP	BC
  2972  11cd  fd7e00            	LD	A,(IY)
  2973  11d0  fe2c              	CP	','
  2974  11d2  2811              	JR	Z,DOTAB1
  2975  11d4  cd0000            	CALL	BRAKET
  2976  11d7  7d                	LD	A,L
  2977  11d8  210000            TABIT:	LD	HL,COUNT
  2978  11db  be                	CP	(HL)
  2979  11dc  c8                	RET	Z
  2980  11dd  f5                	PUSH	AF
  2981  11de  dc0000            	CALL	C,CRLF
  2982  11e1  f1                	POP	AF
  2983  11e2  96                	SUB	(HL)
  2984  11e3  1819              	JR	SPACES
  2985  11e5  fd23              DOTAB1:	INC	IY
  2986  11e7  c5                	PUSH	BC
  2987  11e8  e5                	PUSH	HL
  2988  11e9  cd0000            	CALL	EXPRI
  2989  11ec  d9                	EXX
  2990  11ed  d1                	POP	DE
  2991  11ee  c1                	POP	BC
  2992  11ef  cd0000            	CALL	BRAKET
  2993  11f2  cd0000            	CALL	PUTCSR
  2994  11f5  af                	XOR	A
  2995  11f6  c9                	RET
  2996                          ;
  2997  11f7  c5                DOSPC:	PUSH	BC
  2998  11f8  cd0000            	CALL	ITEMI
  2999  11fb  d9                	EXX
  3000  11fc  7d                	LD	A,L
  3001  11fd  c1                	POP	BC
  3002  11fe  b7                SPACES:	OR	A
  3003  11ff  c8                	RET	Z
  3004  1200  c5                	PUSH	BC
  3005  1201  47                	LD	B,A
  3006  1202  3e20              FILL1:	LD	A,' '
  3007  1204  cd0000            	CALL	OUTCHR
  3008  1207  10f9              	DJNZ	FILL1
  3009  1209  c1                	POP	BC
  3010  120a  af                	XOR	A
  3011  120b  c9                	RET
  3012                          ;
  3013  120c  210000            PTEXT:	LD	HL,ACCS
  3014  120f  1c                	INC	E
  3015  1210  1d                PTEXT1:	DEC	E
  3016  1211  c8                	RET	Z
  3017  1212  7e                	LD	A,(HL)
  3018  1213  23                	INC	HL
  3019  1214  cd0000            	CALL	OUTCHR
  3020  1217  18f7              	JR	PTEXT1
  3021                          ;
  3022  1219  f5                FETCHS:	PUSH	AF
  3023  121a  c5                	PUSH	BC
  3024  121b  e5                	PUSH	HL
  3025  121c  fde3              	EX	(SP),IY
  3026  121e  cd3612            	CALL	XTRACT
  3027  1221  cd0000            	CALL	NXT
  3028  1224  fde3              	EX	(SP),IY
  3029  1226  e1                	POP	HL
  3030  1227  c1                	POP	BC
  3031  1228  f1                	POP	AF
  3032  1229  c9                	RET
  3033                          ;
  3034  122a  110000            LINES:	LD	DE,ACCS
  3035  122d  7e                LINE1S:	LD	A,(HL)
  3036  122e  12                	LD	(DE),A
  3037  122f  fe0d              	CP	CR
  3038  1231  c8                	RET	Z
  3039  1232  23                	INC	HL
  3040  1233  1c                	INC	E
  3041  1234  18f7              	JR	LINE1S
  3042                          ;
  3043  1236  cd0000            XTRACT:	CALL	NXT
  3044  1239  fe22              	CP	'"'
  3045  123b  fd23              	INC	IY
  3046  123d  ca0000            	JP	Z,CONS
  3047  1240  fd2b              	DEC	IY
  3048  1242  110000            	LD	DE,ACCS
  3049  1245  fd7e00            XTRAC1:	LD	A,(IY)
  3050  1248  12                	LD	(DE),A
  3051  1249  fe2c              	CP	','
  3052  124b  c8                	RET	Z
  3053  124c  fe0d              	CP	CR
  3054  124e  c8                	RET	Z
  3055  124f  fd23              	INC	IY
  3056  1251  1c                	INC	E
  3057  1252  18f1              	JR	XTRAC1
  3058                          ;
  3059  1254  3edc              DSRCH:	LD	A,TDATA
  3060  1256  0600              SEARCH:	LD	B,0
  3061  1258  4e                SRCH1:	LD	C,(HL)
  3062  1259  0c                	INC	C
  3063  125a  0d                	DEC	C
  3064  125b  280c              	JR	Z,SRCH2		;FAIL
  3065  125d  23                	INC	HL
  3066  125e  23                	INC	HL
  3067  125f  23                	INC	HL
  3068  1260  be                	CP	(HL)
  3069  1261  c8                	RET	Z
  3070  1262  0d                	DEC	C
  3071  1263  0d                	DEC	C
  3072  1264  0d                	DEC	C
  3073  1265  09                	ADD	HL,BC
  3074  1266  c35812            	JP	SRCH1
  3075  1269  2b                SRCH2:	DEC	HL		;POINT TO CR
  3076  126a  37                	SCF
  3077  126b  c9                	RET
  3078                          ;
  3079                          ; NSCAN - scan for token at start of line, with nesting of inner structures
  3080                          ; Alternative entry at NSCAN1 with L = level (used by CASE)
  3081                          ;
  3082                          ;   Inputs: B = token to find (1, start of line)
  3083                          ;           C = token to find (2, start of line)
  3084                          ;           E = token to nest (end of line)
  3085                          ;           D = token to unnest (start of line)
  3086                          ;           IY = start search area (line length byte)
  3087                          ;  Outputs: NZ if not found
  3088                          ;           Z if found, IY points to byte after token
  3089                          ; Destroys: A,B,C,L,IY,F
  3090                          ;
  3091  126c  2e00              NSCAN:	LD	L,0		;nest level
  3092  126e  fd7e00            NSCAN1:	LD	A,(IY)		;get line length
  3093  1271  b7                	OR	A		;test zero = end of prog
  3094  1272  2834              	JR	Z,NSCAN6
  3095  1274  fd7e03            	LD	A,(IY+3)	;initial token
  3096  1277  b8                	CP	B		;test value reqd
  3097  1278  281d              	JR	Z,NSCAN3	;found (1)
  3098  127a  b9                	CP	C
  3099  127b  281a              	JR	Z,NSCAN3	;found (2)
  3100  127d  ba                NSCAN7:	CP	D		;unnest?
  3101  127e  2822              	JR	Z,NSCAN5
  3102  1280  c5                NSCAN2:	PUSH	BC
  3103  1281  0600              	LD	B,0
  3104  1283  fd4e00            	LD	C,(IY)
  3105  1286  fd09              	ADD	IY,BC		;go to next line
  3106  1288  fd7efe            	LD	A,(IY-2)
  3107  128b  bb                	CP	E		;nest?
  3108  128c  79                	LD	A,C
  3109  128d  c1                	POP	BC
  3110  128e  20de              	JR	NZ,NSCAN1	;continue
  3111  1290  fe05              	CP	5		;empty line ?
  3112  1292  38da              	JR	C,NSCAN1	;continue
  3113  1294  2c                	INC	L		;increment nest level
  3114  1295  18d7              	JR	NSCAN1		;continue
  3115                          ;
  3116  1297  2c                NSCAN3:	INC	L
  3117  1298  2d                	DEC	L
  3118  1299  20e2              	JR	NZ,NSCAN7
  3119  129b  010400            NSCAN4:	LD	BC,4
  3120  129e  fd09              	ADD	IY,BC
  3121  12a0  af                	XOR	A		;Z
  3122  12a1  c9                	RET
  3123                          ;
  3124  12a2  2d                NSCAN5:	DEC	L		;decrement nest level
  3125  12a3  f28012            	JP	P,NSCAN2
  3126  12a6  18f3              	JR	NSCAN4
  3127                          ;
  3128  12a8  f601              NSCAN6:	OR	1		;NZ
  3129  12aa  c9                	RET
  3130                          ;
  3131                          ; WSRCH - search for token, with nesting of inner structures
  3132                          ;
  3133                          ;   Inputs: B = token to find or unnest (anywhere)
  3134                          ;           C = token to nest (anywhere), ignore after EXIT
  3135                          ;           D = ordinal (1 = find first token, 2 = second)
  3136                          ;           IY = address to start looking
  3137                          ;  Outputs: IY points to byte after that found
  3138                          ;           if not found abort to END
  3139                          ; Destroys: A,D,IY,F
  3140                          ;
  3141  12ab  fd7e00            WSRCH:	LD	A,(IY)
  3142  12ae  fd23              	INC	IY
  3143  12b0  fe22              	CP	'"'
  3144  12b2  ccf412            	CALL	Z,QUOTE
  3145  12b5  fef4              	CP	TREM
  3146  12b7  2822              	JR	Z,WSRCHM
  3147  12b9  fe10              	CP	TEXIT
  3148  12bb  2830              	JR	Z,WSRCHE
  3149  12bd  b8                	CP	B
  3150  12be  2829              	JR	Z,WSRCHX
  3151  12c0  b9                	CP	C
  3152  12c1  2823              	JR	Z,WSRCHP
  3153  12c3  fe0d              	CP	CR
  3154  12c5  20e4              	JR	NZ,WSRCH
  3155  12c7  fd7e00            WSRCH1:	LD	A,(IY)			;Line length
  3156  12ca  fd23              	INC	IY
  3157  12cc  b7                	OR	A
  3158  12cd  ca2e01            	JP	Z,END
  3159  12d0  fd23              	INC	IY
  3160  12d2  fd23              	INC	IY			;Skip line number
  3161  12d4  fd7e00            	LD	A,(IY)
  3162  12d7  fedc              	CP	TDATA
  3163  12d9  20d0              	JR	NZ,WSRCH
  3164  12db  fd7e00            WSRCHM:	LD	A,(IY)
  3165  12de  fd23              	INC	IY
  3166  12e0  fe0d              	CP	CR
  3167  12e2  20f7              	JR	NZ,WSRCHM		;Skip to end of line
  3168  12e4  18e1              	JR	WSRCH1
  3169                          ;
  3170  12e6  14                WSRCHP:	INC	D
  3171  12e7  18c2              	JR	WSRCH
  3172                          ;
  3173  12e9  15                WSRCHX:	DEC	D
  3174  12ea  20bf              	JR	NZ,WSRCH
  3175  12ec  c9                	RET
  3176                          ;
  3177  12ed  cd0000            WSRCHE:	CALL	NXT
  3178  12f0  fd23              	INC	IY
  3179  12f2  18b7              	JR	WSRCH
  3180                          ;
  3181                          ; QUOTE - skip quoted string
  3182                          ;
  3183  12f4  fd7e00            QUOTE:	LD	A,(IY)
  3184  12f7  fd23              	INC	IY
  3185  12f9  fe0d              	CP	CR
  3186  12fb  ca0313            	JP	Z,MISQUO
  3187  12fe  fe22              	CP	'"'
  3188  1300  20f2              	JR	NZ,QUOTE
  3189  1302  c9                	RET
  3190                          ;
  3191  1303  3e09              MISQUO:	LD	A,9
  3192  1305  c30000            	JP	ERROR		;"Missing quote"
  3193                          ;
  3194                          ; X14OR5 - multiply by 1, 4 or 5
  3195                          ;   Inputs: DE = number to be multiplied
  3196                          ;           A = 1, 4 or 5 (else multiply by 4)
  3197                          ;  Outputs: DE = DE * A
  3198                          ;           Carry set if overflow
  3199                          ; Destroys: D,E,H,L,F
  3200                          ;
  3201  1308  62                X14OR5:	LD	H,D
  3202  1309  6b                	LD	L,E
  3203  130a  fe01              	CP	1
  3204  130c  c8                	RET	Z
  3205  130d  fe05              	CP	5
  3206  130f  29                	ADD	HL,HL
  3207  1310  d8                	RET	C
  3208  1311  29                	ADD	HL,HL
  3209  1312  d8                	RET	C
  3210  1313  eb                	EX	DE,HL
  3211  1314  c0                	RET	NZ
  3212  1315  19                	ADD	HL,DE
  3213  1316  eb                	EX	DE,HL
  3214  1317  c9                	RET
  3215                          ;
  3216                          ; MUL16 - 16-bit multiply
  3217                          ;   Inputs: HL = number to be multiplied
  3218                          ;           BC = multiplier
  3219                          ;  Outputs: HL = HL * BC
  3220                          ;           Carry set if overflow
  3221                          ; Destroys: A,D,E,H,L,F
  3222                          ;
  3223  1318  eb                MUL16:	EX	DE,HL
  3224  1319  210000            	LD	HL,0
  3225  131c  3e10              	LD	A,16
  3226  131e  29                MUL161:	ADD	HL,HL
  3227  131f  d8                	RET	C		;OVERFLOW
  3228  1320  cb23              	SLA	E
  3229  1322  cb12              	RL	D
  3230  1324  3002              	JR	NC,MUL162
  3231  1326  09                	ADD	HL,BC
  3232  1327  d8                	RET	C
  3233  1328  3d                MUL162:	DEC	A
  3234  1329  20f3              	JR	NZ,MUL161
  3235  132b  c9                	RET
  3236                          ;
  3237  132c  cd0000            CHANEL:	CALL	NXT
  3238  132f  fe23              	CP	'#'
  3239  1331  3e2d              	LD	A,45
  3240  1333  c20000            	JP	NZ,ERROR	;"Missing #"
  3241  1336  fd23              CHNL:	INC	IY		;SKIP '#'
  3242  1338  cd0000            	CALL	ITEMI
  3243  133b  d9                	EXX
  3244  133c  eb                	EX	DE,HL
  3245  133d  c9                	RET
  3246                          ;
  3247                          ; FREESA - Free members of a string array if adjacent to the top of heap
  3248                          ;   Inputs: BC = length of array (= 4 * number of elements)
  3249                          ;           HL addresses array first byte *above* array
  3250                          ;  Outputs: NZ if any array element freed, Z if none
  3251                          ; Destroys: nothing
  3252                          ;
  3253  133e  f5                FREESA:	PUSH	AF
  3254  133f  c5                FREES0:	PUSH	BC
  3255  1340  d5                	PUSH	DE
  3256  1341  e5                	PUSH	HL
  3257  1342  af                	XOR	A
  3258  1343  50                	LD	D,B
  3259  1344  59                	LD	E,C
  3260  1345  47                	LD	B,A
  3261  1346  d5                FREES1:	PUSH	DE
  3262  1347  2b                	DEC	HL
  3263  1348  56                	LD	D,(HL)
  3264  1349  2b                	DEC	HL
  3265  134a  5e                	LD	E,(HL)
  3266  134b  2b                	DEC	HL
  3267  134c  4e                	LD	C,(HL)
  3268  134d  2b                	DEC	HL
  3269  134e  e5                	PUSH	HL
  3270  134f  2a0000            	LD	HL,(FREE)
  3271  1352  eb                	EX	DE,HL
  3272  1353  09                	ADD	HL,BC
  3273  1354  ed52              	SBC	HL,DE
  3274  1356  2007              	JR	NZ,FREES2
  3275  1358  19                	ADD	HL,DE
  3276  1359  ed42              	SBC	HL,BC
  3277  135b  220000            	LD	(FREE),HL
  3278  135e  b4                	OR	H
  3279  135f  d1                FREES2:	POP	DE
  3280  1360  e1                	POP	HL
  3281  1361  0e04              	LD	C,4
  3282  1363  b7                	OR	A
  3283  1364  ed42              	SBC	HL,BC
  3284  1366  eb                	EX	DE,HL
  3285  1367  20dd              	JR	NZ,FREES1
  3286  1369  b7                	OR	A
  3287  136a  e1                	POP	HL
  3288  136b  d1                	POP	DE
  3289  136c  c1                	POP	BC
  3290  136d  b7                	OR	A
  3291  136e  20cf              	JR	NZ,FREES0
  3292  1370  f1                	POP	AF
  3293  1371  c9                	RET
  3294                          ;
  3295                          	;END
  3296                          
