../BBCZ80/MAIN.asm:
     1                          ;	TITLE	BBC BASIC (C) R.T.RUSSELL 1981-2025
     2                          ;
     3                          ;BBC BASIC INTERPRETER - Z80 VERSION
     4                          ;COMMANDS AND COMMON MODULE - "MAIN"
     5                          ;(C) COPYRIGHT R.T.RUSSELL 1981-2025
     6                          ;
     7                          ;THE NAME BBC BASIC IS USED WITH THE PERMISSION
     8                          ;OF THE BRITISH BROADCASTING CORPORATION AND IS
     9                          ;NOT TRANSFERRABLE TO A FORKED OR DERIVED WORK.
    10                          ;
    11                          ;VERSION 2.3, 07-05-1984
    12                          ;VERSION 3.0, 01-03-1987
    13                          ;VERSION 5.0, 31-05-2024
    14                          ;VERSION 5.1, 10-08-2024
    15                          ;VERSION 5.2, 16-02-2025
    16                          ;
    17                          	SECTION BASIC
    18                          
    19                          	EXTERN	XEQ
    20                          	EXTERN	RUN0
    21                          	EXTERN	CHAIN0
    22                          	EXTERN	TERMQ
    23                          	EXTERN	MUL16
    24                          	EXTERN	X14OR5
    25                          	EXTERN	SPACES
    26                          	EXTERN	ESCAPE
    27                          	EXTERN	CHECK
    28                          	EXTERN	SEARCH
    29                          ;
    30                          	EXTERN	OSWRCH
    31                          	EXTERN	OSLINE
    32                          	EXTERN	OSINIT
    33                          	EXTERN	OSLOAD
    34                          	EXTERN	OSSAVE
    35                          	EXTERN	OSBGET
    36                          	EXTERN	OSBPUT
    37                          	EXTERN	OSSHUT
    38                          	EXTERN	OSSTAT
    39                          	EXTERN	PROMPT
    40                          	EXTERN	LTRAP
    41                          	EXTERN	OSCLI
    42                          	EXTERN	RESET
    43                          ;
    44                          	EXTERN	COMMA
    45                          	EXTERN	BRAKET
    46                          	EXTERN	ZERO
    47                          	EXTERN	ITEMI
    48                          	EXTERN	EXPRI
    49                          	EXTERN	EXPRS
    50                          	EXTERN	DECODE
    51                          	EXTERN	LOADN
    52                          	EXTERN	SFIX
    53                          ;
    54                          	GLOBAL	NXT
    55                          	GLOBAL	NLIST
    56                          	GLOBAL	START
    57                          	GLOBAL	OUTCHR
    58                          	GLOBAL	OUT
    59                          	GLOBAL	ERROR
    60                          	GLOBAL	EXTERR
    61                          	GLOBAL	REPORT
    62                          	GLOBAL	CLOOP
    63                          	GLOBAL	WARM
    64                          	GLOBAL	CLEAR
    65                          	GLOBAL	CRLF
    66                          	GLOBAL	SAYLN
    67                          	GLOBAL	LOAD0
    68                          	GLOBAL	TELL
    69                          	GLOBAL	FINDL
    70                          	GLOBAL	GETTOP
    71                          	GLOBAL	SETLIN
    72                          	GLOBAL	GETVAR
    73                          	GLOBAL	PUTVAR
    74                          	GLOBAL	GETDEF
    75                          	GLOBAL	LOCATE
    76                          	GLOBAL	CREATE
    77                          	GLOBAL	PBCDL
    78                          	GLOBAL	LEXAN2
    79                          	GLOBAL	RANGE
    80                          	GLOBAL	VERMSG
    81                          	GLOBAL	KEYWDS
    82                          	GLOBAL	KEYWDL
    83                          ;
    84                          	EXTERN	PAGE
    85                          	EXTERN	ACCS
    86                          	EXTERN	BUFFER
    87                          	EXTERN	LOMEM
    88                          	EXTERN	HIMEM
    89                          	EXTERN	COUNT
    90                          	EXTERN	WIDTH
    91                          	EXTERN	FREE
    92                          	EXTERN	STAVAR
    93                          	EXTERN	DYNVAR
    94                          	EXTERN	ERRTXT
    95                          	EXTERN	ERR
    96                          	EXTERN	ERL
    97                          	EXTERN	CURLIN
    98                          	EXTERN	ERRTRP
    99                          	EXTERN	ONERSP
   100                          	EXTERN	FNPTR
   101                          	EXTERN	PROPTR
   102                          	EXTERN	AUTONO
   103                          	EXTERN	INCREM
   104                          	EXTERN	LISTON
   105                          	EXTERN	TRACEN
   106                          
   107                          ; MSXDOS
   108                          ;
   109                          	EXTERN	INITTXT
   110                          	EXTERN	CheckMSXDOS
   111                          	EXTERN  OSLINE
   112                          	EXTERN  PrintAddress
   113                          	EXTERN  PUTCRLF
   114                          	EXTERN	STRPUT
   115                          
   116                          ;
   117                          	PUBLIC COLD
   118                          ;
   119                          CR	EQU	0DH
   120                          LF	EQU	0AH
   121                          ESC	EQU	1BH
   122                          SPACE	EQU	20H
   123                          ;
   124                          TERROR	EQU	85H
   125                          TLINE	EQU	86H
   126                          TELSE	EQU	8BH
   127                          TTHEN	EQU	8CH
   128                          TLINO	EQU	8DH
   129                          TFN	EQU	0A4H
   130                          TTO	EQU	0B8H
   131                          TWHILE	EQU	0C7H
   132                          TCASE	EQU	0C8H
   133                          TWHEN	EQU	0C9H
   134                          TOF	EQU	0CAH
   135                          TENDCASE EQU	0CBH
   136                          TOTHERWISE EQU	0CCH
   137                          TENDIF	EQU	0CDH
   138                          TENDWHILE EQU	0CEH
   139                          TDATA	EQU	0DCH
   140                          TDIM	EQU	0DEH
   141                          TFOR	EQU	0E3H
   142                          TGOSUB	EQU	0E4H
   143                          TGOTO	EQU	0E5H
   144                          TIF	EQU	0E7H
   145                          TLOCAL	EQU	0EAH
   146                          TNEXT	EQU	0EDH
   147                          TON	EQU	0EEH
   148                          TPROC	EQU	0F2H
   149                          TREM	EQU	0F4H
   150                          TREPEAT	EQU	0F5H
   151                          TRESTORE EQU	0F7H
   152                          TTRACE	EQU	0FCH
   153                          TUNTIL	EQU	0FDH
   154                          TEXIT	EQU	10H
   155                          ;
   156                          TOKLO	EQU	8FH
   157                          TOKHI	EQU	93H
   158                          OFFSET	EQU	0CFH-TOKLO
   159                          
   160                          ORG $200
   161                          
   162  0000  c32a00            START:	JP	COLD
   163  0003  c37300            	JP	WARM
   164  0006  c30000            	JP	ESCAPE
   165  0009  c32f08            	JP	EXTERR
   166  000c  c3de0d            	JP	TELL
   167  000f  c3cc0d            	JP	TEXT
   168  0012  c30000            	JP	ITEMI
   169  0015  c30000            	JP	EXPRI
   170  0018  c30000            	JP	EXPRS
   171  001b  c30000            	JP	OSCLI
   172  001e  c30000            	JP	OSBGET
   173  0021  c30000            	JP	OSBPUT
   174  0024  c30000            	JP	OSSTAT
   175  0027  c30000            	JP	OSSHUT
   176                          COLD:
   177  002a  210000            	LD	HL,STAVAR	;COLD START
   178                          ;	LD	SP,HL
   179  002d  ed730000          	LD	(HIMEM),SP
   180  0031  360a              	LD	(HL),10
   181  0033  2c                	INC	L
   182  0034  3609              	LD	(HL),9
   183  0036  2c                	INC	L
   184  0037  af                	XOR	A
   185  0038  77                PURGE:	LD	(HL),A		;CLEAR SCRATCHPAD
   186  0039  2c                	INC	L
   187  003a  20fc              	JR	NZ,PURGE
   188  003c  3e37              	LD	A,37H		;V3.0
   189  003e  320000            	LD	(LISTON),A
   190  0041  21160e            	LD	HL,NOTICE
   191  0044  220000            	LD	(ERRTXT),HL
   192  0047  cd0000            	CALL	OSINIT
   193                          	;LD	(HIMEM),DE
   194  004a  220000            	LD	(PAGE),HL
   195  004d  cd1809            	CALL	NEWIT
   196  0050  c20000            	JP	NZ,CHAIN0	;AUTO-RUN
   197                          #IFDEF MSXBIOS
   198                          ;
   199                          ;	Initialiaze　Screen
   200                          ;
   201  0053  cd0000            	CALL INITTXT
   202                          ;
   203                          ;  COPY RIGHT MESSAGE TO OUTPUT
   204                          ;
   205  0056  21f60d            	LD  HL,  STARTMSG
   206  0059  cdde0d            	CALL	TELL
   207                          ;
   208                          ;   MSX DOS Version CHeck
   209  005c  cd0000            	CALL  CheckMSXDOS
   210                          #ENDIF
   211                          ;
   212                          ;	STACK INITIALiSATION AND DISPLAY HIMEM
   213  005f  ed730000          	LD (HIMEM),SP
   214  0063  21610e            	LD HL,STACKMSG
   215  0066  cd0000            	CALL STRPUT
   216  0069  21000039          	LD  HL,SP
   217  006d  cd0000            	CALL PrintAddress
   218  0070  cd0000            	CALL PUTCRLF
   219                          ;
   220                          ; WARM START
   221                          ;
   222                          WARM:
   223                          CLOOP:
   224  0073  ed7b0000          	LD	SP,(HIMEM)
   225                          
   226  0077  210000            	LD	HL,LISTON
   227  007a  7e                	LD	A,(HL)
   228  007b  e60f              	AND	0FH		;LISTO
   229  007d  f630              	OR	30H		;OPT 3
   230  007f  77                	LD	(HL),A
   231  0080  ed62              	SBC	HL,HL		;HL <- 0 (V3.0)
   232  0082  220000            	LD	(ERRTRP),HL
   233  0085  220000            	LD	(ONERSP),HL
   234  0088  220000            	LD	(CURLIN),HL	;For CMOS EDIT->LIST
   235  008b  2a0000            	LD	HL,(AUTONO)
   236  008e  e5                	PUSH	HL
   237  008f  7c                	LD	A,H
   238  0090  b5                	OR	L
   239  0091  2817              	JR	Z,NOAUTO
   240  0093  e5                	PUSH	HL
   241  0094  cd7a0a            	CALL	PBCD		;AUTO NUMBER
   242  0097  e1                	POP	HL
   243  0098  ed4b0000          	LD	BC,(INCREM)
   244  009c  0600              	LD	B,0
   245  009e  09                	ADD	HL,BC
   246  009f  da930c            	JP	C,TOOBIG
   247  00a2  220000            	LD	(AUTONO),HL
   248  00a5  3e20              	LD	A,' '
   249  00a7  cddc09            	CALL	OUTCHR
   250                          NOAUTO:
   251  00aa  cd0000            	CALL	PROMPT		;PROMPT USER
   252  00ad  210000            	LD	HL,ACCS
   253  00b0  cd0000            	CALL	OSLINE		;GET CONSOLE INPUT
   254  00b3  af                	XOR	A
   255  00b4  320000            	LD	(COUNT),A
   256                          ; COOMAD CHECK
   257  00b7  fd210000          	LD	IY,ACCS
   258  00bb  fd7e00            	LD	A,(IY)
   259  00be  fe3e              	CP	'>'
   260  00c0  2005              	JR  NZ,SKIPSP2
   261                          SKIPSP:
   262  00c2  fd23              	INC	IY
   263  00c4  fd7e00            	LD A,(IY)
   264                          ; SKIP　SPACE
   265                          SKIPSP2:
   266  00c7  fe20              	CP  SPACE
   267  00c9  28f7              	JR  Z,SKIPSP
   268                          ;　IMMEDIATE MODE COMMANDS
   269                          IMCMND:
   270  00cb  21b304            	LD	HL,COMNDS
   271  00ce  cd8008            	CALL	LEX0
   272  00d1  e1                	POP	HL
   273  00d2  2019              	JR	NZ,NOTCMD
   274  00d4  87                	ADD	A,A
   275  00d5  4f                	LD	C,A
   276  00d6  7c                	LD	A,H
   277  00d7  b5                	OR	L
   278  00d8  200f              	JR	NZ,INAUTO
   279  00da  47                	LD	B,A
   280  00db  21e304            	LD	HL,CMDTAB
   281  00de  09                	ADD	HL,BC
   282  00df  7e                	LD	A,(HL)		;TABLE ENTRY
   283  00e0  23                	INC	HL
   284  00e1  66                	LD	H,(HL)
   285  00e2  6f                	LD	L,A
   286  00e3  fd23              	INC	IY
   287  00e5  cdec0d            	CALL	NXT
   288  00e8  e9                	JP	(HL)		;EXECUTE COMMAND
   289                          ;
   290  00e9  fd210000          INAUTO:	LD	IY,ACCS
   291  00ed  7c                NOTCMD:	LD	A,H
   292  00ee  b5                	OR	L
   293  00ef  cc6e0c            	CALL	Z,LINNUM
   294  00f2  cdec0d            	CALL	NXT
   295  00f5  110000            	LD	DE,BUFFER
   296  00f8  0e01              	LD	C,1		;LEFT MODE
   297  00fa  e5                	PUSH	HL
   298  00fb  cdfc0c            	CALL	LEXAN2		;LEXICAL ANALYSIS
   299  00fe  e1                	POP	HL
   300  00ff  12                	LD	(DE),A		;TERMINATOR
   301  0100  af                	XOR	A
   302  0101  47                	LD	B,A
   303  0102  4b                	LD	C,E		;BC=LINE LENGTH
   304  0103  13                	INC	DE
   305  0104  12                	LD	(DE),A		;ZERO NEXT
   306  0105  7c                	LD	A,H
   307  0106  b5                	OR	L
   308  0107  fd210000          	LD	IY,BUFFER	;FOR XEQ
   309  010b  ca0000            	JP	Z,XEQ		;DIRECT MODE
   310  010e  c5                	PUSH	BC
   311  010f  cd210a            	CALL	FINDL
   312  0112  ccc308            	CALL	Z,DEL
   313  0115  c1                	POP	BC
   314  0116  79                	LD	A,C
   315  0117  b7                	OR	A
   316  0118  2839              	JR	Z,CLOOP2	;DELETE LINE ONLY
   317  011a  c604              	ADD	A,4
   318  011c  4f                	LD	C,A		;LENGTH INCLUSIVE
   319  011d  d5                	PUSH	DE		;LINE NUMBER
   320  011e  c5                	PUSH	BC		;SAVE LINE LENGTH
   321  011f  eb                	EX	DE,HL
   322  0120  c5                	PUSH	BC
   323  0121  cdff08            	CALL	GETTOP
   324  0124  c1                	POP	BC
   325  0125  e5                	PUSH	HL
   326  0126  09                	ADD	HL,BC
   327  0127  e5                	PUSH	HL
   328  0128  24                	INC	H
   329  0129  af                	XOR	A
   330  012a  ed72              	SBC	HL,SP
   331  012c  e1                	POP	HL
   332  012d  d21e08            	JP	NC,ERROR	;"No room"
   333  0130  e3                	EX	(SP),HL
   334  0131  e5                	PUSH	HL
   335  0132  23                	INC	HL
   336  0133  b7                	OR	A
   337  0134  ed52              	SBC	HL,DE
   338  0136  44                	LD	B,H		;BC=AMOUNT TO MOVE
   339  0137  4d                	LD	C,L
   340  0138  e1                	POP	HL
   341  0139  d1                	POP	DE
   342  013a  2802              	JR	Z,ATEND
   343  013c  edb8              	LDDR			;MAKE SPACE
   344  013e  c1                ATEND:	POP	BC		;LINE LENGTH
   345  013f  d1                	POP	DE		;LINE NUMBER
   346  0140  23                	INC	HL
   347  0141  71                	LD	(HL),C		;STORE LENGTH
   348  0142  23                	INC	HL
   349  0143  73                	LD	(HL),E		;STORE LINE NUMBER
   350  0144  23                	INC	HL
   351  0145  72                	LD	(HL),D
   352  0146  23                	INC	HL
   353  0147  110000            	LD	DE,BUFFER
   354  014a  eb                	EX	DE,HL
   355  014b  0d                	DEC	C
   356  014c  0d                	DEC	C
   357  014d  0d                	DEC	C
   358  014e  edb0              	LDIR			;ADD LINE
   359  0150  cdf408            	CALL	CLEAN
   360  0153  c37300            CLOOP2:	JP	CLOOP
   361                          ;
   362                          ;LIST OF TOKENS AND KEYWORDS.
   363                          ;IF A KEYWORD IS FOLLOWED BY NUL THEN IT WILL
   364                          ; ONLY MATCH WITH THE WORD FOLLOWED IMMEDIATELY
   365                          ; BY A DELIMITER.
   366                          ;
   367  0156  80                KEYWDS:	DEFB	80H
   368  0157  414e44            	DEFM	"AND"
   369  015a  94                	DEFB	94H
   370  015b  414253            	DEFM	"ABS"
   371  015e  95                	DEFB	95H
   372  015f  414353            	DEFM	"ACS"
   373  0162  96                	DEFB	96H
   374  0163  414456414c        	DEFM	"ADVAL"
   375  0168  97                	DEFB	97H
   376  0169  415343            	DEFM	"ASC"
   377  016c  98                	DEFB	98H
   378  016d  41534e            	DEFM	"ASN"
   379  0170  99                	DEFB	99H
   380  0171  41544e            	DEFM	"ATN"
   381  0174  9a                	DEFB	9AH
   382  0175  4247455420        	DEFM	"BGET "
   383  017a  d5                	DEFB	0D5H
   384  017b  4250555420        	DEFM	"BPUT "
   385  0180  0f                	DEFB	0FH
   386  0181  425920            	DEFM	"BY "		; v5
   387  0184  fb                	DEFB	0FBH
   388  0185  434f4c4f5552      	DEFM	"COLOUR"
   389  018b  fb                	DEFB	0FBH
   390  018c  434f4c4f52        	DEFM	"COLOR"
   391  0191  d6                	DEFB	0D6H
   392  0192  43414c4c          	DEFM	"CALL"
   393  0196  c8                	DEFB	0C8H
   394  0197  43415345          	DEFM	"CASE"		; v5
   395  019b  d7                	DEFB	0D7H
   396  019c  434841494e        	DEFM	"CHAIN"
   397  01a1  bd                	DEFB	0BDH
   398  01a2  43485224          	DEFM	"CHR$"
   399  01a6  d8                	DEFB	0D8H
   400  01a7  434c45415220      	DEFM	"CLEAR "
   401  01ad  d9                	DEFB	0D9H
   402  01ae  434c4f534520      	DEFM	"CLOSE "
   403  01b4  da                	DEFB	0DAH
   404  01b5  434c4720          	DEFM	"CLG "
   405  01b9  db                	DEFB	0DBH
   406  01ba  434c5320          	DEFM	"CLS "
   407  01be  9b                	DEFB	9BH
   408  01bf  434f53            	DEFM	"COS"
   409  01c2  9c                	DEFB	9CH
   410  01c3  434f554e5420      	DEFM	"COUNT "
   411  01c9  01                	DEFB	01H
   412  01ca  434952434c45      	DEFM	"CIRCLE"	; v5
   413  01d0  dc                	DEFB	0DCH
   414  01d1  44415441          	DEFM	"DATA"
   415  01d5  9d                	DEFB	9DH
   416  01d6  444547            	DEFM	"DEG"
   417  01d9  dd                	DEFB	0DDH
   418  01da  444546            	DEFM	"DEF"
   419  01dd  81                	DEFB	81H
   420  01de  444956            	DEFM	"DIV"
   421  01e1  de                	DEFB	0DEH
   422  01e2  44494d            	DEFM	"DIM"
   423  01e5  df                	DEFB	0DFH
   424  01e6  44524157          	DEFM	"DRAW"
   425  01ea  e1                	DEFB	0E1H
   426  01eb  454e4450524f4320  	DEFM	"ENDPROC "
   427  01f3  ce                	DEFB	0CEH
   428  01f4  454e445748494c45  	DEFM	"ENDWHILE "	; v5
              20                
   429  01fd  cb                	DEFB	0CBH
   430  01fe  454e444341534520  	DEFM	"ENDCASE "	; v5
   431  0206  cd                	DEFB	0CDH
   432  0207  454e44494620      	DEFM	"ENDIF "	; v5
   433  020d  e0                	DEFB	0E0H
   434  020e  454e4420          	DEFM	"END "
   435  0212  e2                	DEFB	0E2H
   436  0213  454e56454c4f5045  	DEFM	"ENVELOPE"
   437  021b  8b                	DEFB	8BH
   438  021c  454c5345          	DEFM	"ELSE"
   439  0220  a0                	DEFB	0A0H
   440  0221  4556414c          	DEFM	"EVAL"
   441  0225  9e                	DEFB	9EH
   442  0226  45524c20          	DEFM	"ERL "
   443  022a  85                	DEFB	85H
   444  022b  4552524f52        	DEFM	"ERROR"
   445  0230  c5                	DEFB	0C5H
   446  0231  454f4620          	DEFM	"EOF "
   447  0235  82                	DEFB	82H
   448  0236  454f52            	DEFM	"EOR"
   449  0239  9f                	DEFB	9FH
   450  023a  45525220          	DEFM	"ERR "
   451  023e  10                	DEFB	10H
   452  023f  4558495420        	DEFM	"EXIT "		; v5
   453  0244  a1                	DEFB	0A1H
   454  0245  455850            	DEFM	"EXP"
   455  0248  a2                	DEFB	0A2H
   456  0249  45585420          	DEFM	"EXT "
   457  024d  02                	DEFB	02H
   458  024e  454c4c49505345    	DEFM	"ELLIPSE"	; v5
   459  0255  e3                	DEFB	0E3H
   460  0256  464f52            	DEFM	"FOR"
   461  0259  a3                	DEFB	0A3H
   462  025a  46414c534520      	DEFM	"FALSE "
   463  0260  03                	DEFB	03H
   464  0261  46494c4c          	DEFM	"FILL"		; v5
   465  0265  a4                	DEFB	0A4H
   466  0266  464e              	DEFM	"FN"
   467  0268  e5                	DEFB	0E5H
   468  0269  474f544f          	DEFM	"GOTO"
   469  026d  be                	DEFB	0BEH
   470  026e  47455424          	DEFM	"GET$"
   471  0272  a5                	DEFB	0A5H
   472  0273  474554            	DEFM	"GET"
   473  0276  e4                	DEFB	0E4H
   474  0277  474f535542        	DEFM	"GOSUB"
   475  027c  e6                	DEFB	0E6H
   476  027d  47434f4c          	DEFM	"GCOL"
   477  0281  93                	DEFB	93H
   478  0282  48494d454d20      	DEFM	"HIMEM "
   479  0288  e8                	DEFB	0E8H
   480  0289  494e505554        	DEFM	"INPUT"
   481  028e  e7                	DEFB	0E7H
   482  028f  4946              	DEFM	"IF"
   483  0291  bf                	DEFB	0BFH
   484  0292  494e4b455924      	DEFM	"INKEY$"
   485  0298  a6                	DEFB	0A6H
   486  0299  494e4b4559        	DEFM	"INKEY"
   487  029e  a8                	DEFB	0A8H
   488  029f  494e54            	DEFM	"INT"
   489  02a2  a7                	DEFB	0A7H
   490  02a3  494e53545228      	DEFM	"INSTR("
   491  02a9  0c                	DEFB	0CH
   492  02aa  494e5354414c4c    	DEFM	"INSTALL"	; v5
   493  02b1  86                	DEFB	86H
   494  02b2  4c494e45          	DEFM	"LINE"
   495  02b6  92                	DEFB	92H
   496  02b7  4c4f4d454d20      	DEFM	"LOMEM "
   497  02bd  ea                	DEFB	0EAH
   498  02be  4c4f43414c        	DEFM	"LOCAL"
   499  02c3  c0                	DEFB	0C0H
   500  02c4  4c4546542428      	DEFM	"LEFT$("
   501  02ca  a9                	DEFB	0A9H
   502  02cb  4c454e            	DEFM	"LEN"
   503  02ce  e9                	DEFB	0E9H
   504  02cf  4c4554            	DEFM	"LET"
   505  02d2  ab                	DEFB	0ABH
   506  02d3  4c4f47            	DEFM	"LOG"
   507  02d6  aa                	DEFB	0AAH
   508  02d7  4c4e              	DEFM	"LN"
   509  02d9  c1                	DEFB	0C1H
   510  02da  4d49442428        	DEFM	"MID$("
   511  02df  eb                	DEFB	0EBH
   512  02e0  4d4f4445          	DEFM	"MODE"
   513  02e4  83                	DEFB	83H
   514  02e5  4d4f44            	DEFM	"MOD"
   515  02e8  ec                	DEFB	0ECH
   516  02e9  4d4f5645          	DEFM	"MOVE"
   517  02ed  04                	DEFB	04H
   518  02ee  4d4f555345        	DEFM	"MOUSE"		; v5
   519  02f3  ed                	DEFB	0EDH
   520  02f4  4e455854          	DEFM	"NEXT"
   521  02f8  ac                	DEFB	0ACH
   522  02f9  4e4f54            	DEFM	"NOT"
   523  02fc  ee                	DEFB	0EEH
   524  02fd  4f4e              	DEFM	"ON"
   525  02ff  87                	DEFB	87H
   526  0300  4f464620          	DEFM	"OFF "
   527  0304  ca                	DEFB	0CAH
   528  0305  4f4620            	DEFM	"OF "		; v5
   529  0308  05                	DEFB	05H
   530  0309  4f524947494e      	DEFM	"ORIGIN"	; v5
   531  030f  84                	DEFB	84H
   532  0310  4f52              	DEFM	"OR"
   533  0312  8e                	DEFB	8EH
   534  0313  4f50454e494e      	DEFM	"OPENIN"
   535  0319  ae                	DEFB	0AEH
   536  031a  4f50454e4f5554    	DEFM	"OPENOUT"
   537  0321  ad                	DEFB	0ADH
   538  0322  4f50454e5550      	DEFM	"OPENUP"
   539  0328  ff                	DEFB	0FFH
   540  0329  4f53434c49        	DEFM	"OSCLI"
   541  032e  cc                	DEFB	0CCH
   542  032f  4f54484552574953  	DEFM	"OTHERWISE"	; v5
              45                
   543  0338  f1                	DEFB	0F1H
   544  0339  5052494e54        	DEFM	"PRINT"
   545  033e  90                	DEFB	90H
   546  033f  5041474520        	DEFM	"PAGE "
   547  0344  8f                	DEFB	8FH
   548  0345  50545220          	DEFM	"PTR "
   549  0349  af                	DEFB	0AFH
   550  034a  504920            	DEFM	"PI "
   551  034d  f0                	DEFB	0F0H
   552  034e  504c4f54          	DEFM	"PLOT"
   553  0352  b0                	DEFB	0B0H
   554  0353  504f494e5428      	DEFM	"POINT("
   555  0359  f2                	DEFB	0F2H
   556  035a  50524f43          	DEFM	"PROC"
   557  035e  b1                	DEFB	0B1H
   558  035f  504f5320          	DEFM	"POS "
   559  0363  0e                	DEFB	0EH
   560  0364  505554            	DEFM	"PUT"		; Token changed
   561  0367  06                	DEFB	06H
   562  0368  5155495420        	DEFM	"QUIT "		; v5
   563  036d  f8                	DEFB	0F8H
   564  036e  52455455524e20    	DEFM	"RETURN "
   565  0375  f5                	DEFB	0F5H
   566  0376  524550454154      	DEFM	"REPEAT"
   567  037c  f6                	DEFB	0F6H
   568  037d  5245504f525420    	DEFM	"REPORT "
   569  0384  f3                	DEFB	0F3H
   570  0385  52454144          	DEFM	"READ"
   571  0389  f4                	DEFB	0F4H
   572  038a  52454d            	DEFM	"REM"
   573  038d  f9                	DEFB	0F9H
   574  038e  52554e20          	DEFM	"RUN "
   575  0392  b2                	DEFB	0B2H
   576  0393  524144            	DEFM	"RAD"
   577  0396  f7                	DEFB	0F7H
   578  0397  524553544f5245    	DEFM	"RESTORE"
   579  039e  c2                	DEFB	0C2H
   580  039f  52494748542428    	DEFM	"RIGHT$("
   581  03a6  b3                	DEFB	0B3H
   582  03a7  524e4420          	DEFM	"RND "
   583  03ab  07                	DEFB	07H
   584  03ac  52454354414e474c  	DEFM	"RECTANGLE"	; v5
              45                
   585  03b5  88                	DEFB	88H
   586  03b6  53544550          	DEFM	"STEP"
   587  03ba  b4                	DEFB	0B4H
   588  03bb  53474e            	DEFM	"SGN"
   589  03be  b5                	DEFB	0B5H
   590  03bf  53494e            	DEFM	"SIN"
   591  03c2  b6                	DEFB	0B6H
   592  03c3  535152            	DEFM	"SQR"
   593  03c6  89                	DEFB	89H
   594  03c7  535043            	DEFM	"SPC"
   595  03ca  c3                	DEFB	0C3H
   596  03cb  53545224          	DEFM	"STR$"
   597  03cf  c4                	DEFB	0C4H
   598  03d0  535452494e472428  	DEFM	"STRING$("
   599  03d8  d4                	DEFB	0D4H
   600  03d9  534f554e44        	DEFM	"SOUND"
   601  03de  fa                	DEFB	0FAH
   602  03df  53544f5020        	DEFM	"STOP "
   603  03e4  c6                	DEFB	0C6H
   604  03e5  53554d            	DEFM	"SUM"		; v5
   605  03e8  08                	DEFB	08H
   606  03e9  53574150          	DEFM	"SWAP"		; v5
   607  03ed  09                	DEFB	09H
   608  03ee  535953            	DEFM	"SYS"		; v5
   609  03f1  b7                	DEFB	0B7H
   610  03f2  54414e            	DEFM	"TAN"
   611  03f5  8a                	DEFB	8AH
   612  03f6  54414228          	DEFM	"TAB("
   613  03fa  8c                	DEFB	8CH
   614  03fb  5448454e          	DEFM	"THEN"
   615  03ff  91                	DEFB	91H
   616  0400  54494d4520        	DEFM	"TIME "
   617  0405  0a                	DEFB	0AH
   618  0406  54494e54          	DEFM	"TINT"
   619  040a  b8                	DEFB	0B8H
   620  040b  544f              	DEFM	"TO"
   621  040d  fc                	DEFB	0FCH
   622  040e  5452414345        	DEFM	"TRACE"
   623  0413  b9                	DEFB	0B9H
   624  0414  5452554520        	DEFM	"TRUE "
   625  0419  fd                	DEFB	0FDH
   626  041a  554e54494c        	DEFM	"UNTIL"
   627  041f  ba                	DEFB	0BAH
   628  0420  555352            	DEFM	"USR"
   629  0423  ef                	DEFB	0EFH
   630  0424  564455            	DEFM	"VDU"
   631  0427  bb                	DEFB	0BBH
   632  0428  56414c            	DEFM	"VAL"
   633  042b  bc                	DEFB	0BCH
   634  042c  56504f5320        	DEFM	"VPOS "
   635  0431  c7                	DEFB	0C7H
   636  0432  5748494c45        	DEFM	"WHILE"		; v5
   637  0437  c9                	DEFB	0C9H
   638  0438  5748454e          	DEFM	"WHEN"		; v5
   639  043c  0b                	DEFB	0BH
   640  043d  5741495420        	DEFM	"WAIT "		; v5
   641  0442  fe                	DEFB	0FEH
   642  0443  5749445448        	DEFM	"WIDTH"
   643                          ;'LEFT' TOKENS:
   644  0448  cf                	DEFB	0CFH
   645  0449  505452            	DEFM	"PTR"
   646  044c  d1                	DEFB	0D1H
   647  044d  54494d45          	DEFM	"TIME"
   648  0451  d3                	DEFB	0D3H
   649  0452  48494d454d        	DEFM	"HIMEM"
   650  0457  d2                	DEFB	0D2H
   651  0458  4c4f4d454d        	DEFM	"LOMEM"
   652  045d  d0                	DEFB	0D0H
   653  045e  50414745          	DEFM	"PAGE"
   654                          ;
   655  0462  11                	DEFB	11H
   656  0463  4d697373696e6720  	DEFM	"Missing "
   657  046b  12                	DEFB	12H
   658  046c  4e6f207375636820  	DEFM	"No such "
   659  0474  13                	DEFB	13H
   660  0475  42616420          	DEFM	"Bad "
   661  0479  14                	DEFB	14H
   662  047a  2072616e6765      	DEFM	" range"
   663  0480  15                	DEFB	15H
   664  0481  7661726961626c65  	DEFM	"variable"
   665  0489  16                	DEFB	16H
   666  048a  4f7574206f66      	DEFM	"Out of"
   667  0490  17                	DEFB	17H
   668  0491  4e6f20            	DEFM	"No "
   669  0494  18                	DEFB	18H
   670  0495  207370616365      	DEFM	" space"
   671  049b  19                	DEFB	19H
   672  049c  4e6f7420696e2061  	DEFM	"Not in a "
              20                
   673  04a5  1a                	DEFB	1AH
   674  04a6  206c6f6f70        	DEFM	" loop"
   675  04ab  1b                	DEFB	1BH
   676  04ac  206e6f7420        	DEFM	" not "
   677                          KEYWDL	EQU	$-KEYWDS
   678  04b1  ffff              	DEFW	-1
   679                          ;
   680                          ;LIST OF IMMEDIATE MODE COMMANDS:
   681                          ;
   682  04b3  80                COMNDS:	DEFB	80H
   683  04b4  4155544f          	DEFM	"AUTO"
   684  04b8  81                	DEFB	81H
   685  04b9  44454c455445      	DEFM	"DELETE"
   686  04bf  82                	DEFB	82H
   687  04c0  4c495354          	DEFM	"LIST"
   688  04c4  83                	DEFB	83H
   689  04c5  4c4f4144          	DEFM	"LOAD"
   690  04c9  84                	DEFB	84H
   691  04ca  4e455720          	DEFM	"NEW "
   692  04ce  85                	DEFB	85H
   693  04cf  4f4c4420          	DEFM	"OLD "
   694  04d3  86                	DEFB	86H
   695  04d4  52454e554d424552  	DEFM	"RENUMBER"
   696  04dc  87                	DEFB	87H
   697  04dd  53415645          	DEFM	"SAVE"
   698  04e1  ffff              	DEFW	-1
   699                          ;
   700                          ;IMMEDIATE MODE COMMANDS:
   701                          ;
   702  04e3  ba07              CMDTAB:	DEFW	AUTO
   703  04e5  5806              	DEFW	DELETE
   704  04e7  8006              	DEFW	LIST
   705  04e9  dc07              	DEFW	LOAD
   706  04eb  cc07              	DEFW	NEW
   707  04ed  ea07              	DEFW	OLD
   708  04ef  0507              	DEFW	RENUM
   709  04f1  0308              	DEFW	SAVE
   710                          ;
   711                          ;ERROR MESSAGES:
   712                          ;
   713  04f3  17                ERRWDS:	DEFB	17H
   714  04f4  726f6f6d          	DEFM	"room"
   715  04f8  00                	DEFB	0
   716  04f9  16                	DEFB	16H
   717  04fa  14                	DEFB	14H
   718  04fb  0000              	DEFW	0
   719  04fd  4d756c7469706c65  	DEFM	"Multiple label"
              206c6162656c      
   720  050b  00                	DEFB	0
   721  050c  4d697374616b65    	DEFM	"Mistake"
   722  0513  00                	DEFB	0
   723  0514  11                	DEFB	11H
   724  0515  2c                	DEFM	","
   725  0516  00                	DEFB	0
   726  0517  54797065206d6973  	DEFM	"Type mismatch"
              6d61746368        
   727  0524  00                	DEFB	0
   728  0525  19                	DEFB	19H
   729  0526  a4                	DEFB	TFN
   730  0527  0000              	DEFW	0
   731  0529  11                	DEFB	11H
   732  052a  22                	DEFM	"\""
   733  052b  00                	DEFB	0
   734  052c  13                	DEFB	13H
   735  052d  de                	DEFB	TDIM
   736  052e  00                	DEFB	0
   737  052f  de                	DEFB	TDIM
   738  0530  18                	DEFB	18H
   739  0531  00                	DEFB	0
   740  0532  19                	DEFB	19H
   741  0533  a4                	DEFB	TFN
   742  0534  206f7220          	DEFM	" or "
   743  0538  f2                	DEFB	TPROC
   744  0539  00                	DEFB	0
   745  053a  19                	DEFB	19H
   746  053b  f2                	DEFB	TPROC
   747  053c  00                	DEFB	0
   748  053d  13                	DEFB	13H
   749  053e  757365206f662061  	DEFM	"use of array"
              72726179          
   750  054a  00                	DEFB	0
   751  054b  13                	DEFB	13H
   752  054c  7375627363726970  	DEFM	"subscript"
              74                
   753  0555  00                	DEFB	0
   754  0556  53796e7461782065  	DEFM	"Syntax error"
              72726f72          
   755  0562  00                	DEFB	0
   756  0563  457363617065      	DEFM	"Escape"
   757  0569  00                	DEFB	0
   758  056a  4469766973696f6e  	DEFM	"Division by zero"
              206279207a65726f  
   759  057a  00                	DEFB	0
   760  057b  537472696e672074  	DEFM	"String too long"
              6f6f206c6f6e67    
   761  058a  00                	DEFB	0
   762  058b  4e756d6265722074  	DEFM	"Number too big"
              6f6f20626967      
   763  0599  00                	DEFB	0
   764  059a  2d766520726f6f74  	DEFM	"-ve root"
   765  05a2  00                	DEFB	0
   766  05a3  4c6f67            	DEFM	"Log"
   767  05a6  14                	DEFB	14H
   768  05a7  00                	DEFB	0
   769  05a8  4163637572616379  	DEFM	"Accuracy lost"
              206c6f7374        
   770  05b5  00                	DEFB	0
   771  05b6  4578706f6e656e74  	DEFM	"Exponent"
   772  05be  14                	DEFB	14H
   773  05bf  0000              	DEFW	0
   774  05c1  12                	DEFB	12H
   775  05c2  15                	DEFB	15H
   776  05c3  00                	DEFB	0
   777  05c4  11                	DEFB	11H
   778  05c5  29                	DEFM	")"
   779  05c6  00                	DEFB	0
   780  05c7  13                	DEFB	13H
   781  05c8  686578206f722062  	DEFM	"hex or binary"
              696e617279        
   782  05d5  00                	DEFB	0
   783  05d6  12                	DEFB	12H
   784  05d7  a4                	DEFB	TFN
   785  05d8  2f                	DEFM	"/"
   786  05d9  f2                	DEFB	TPROC
   787  05da  00                	DEFB	0
   788  05db  13                	DEFB	13H
   789  05dc  63616c6c          	DEFM	"call"
   790  05e0  00                	DEFB	0
   791  05e1  13                	DEFB	13H
   792  05e2  617267756d656e74  	DEFM	"arguments"
              73                
   793  05eb  00                	DEFB	0
   794  05ec  19                	DEFB	19H
   795  05ed  e3                	DEFB	TFOR
   796  05ee  1a                	DEFB	1AH
   797  05ef  00                	DEFB	0
   798  05f0  43616e2774206d61  	DEFM	"Can't match "
              74636820          
   799  05fc  e3                	DEFB	TFOR
   800  05fd  00                	DEFB	0
   801  05fe  13                	DEFB	13H
   802  05ff  e3                	DEFB	TFOR
   803  0600  20                	DEFM	" "
   804  0601  15                	DEFB	15H
   805  0602  0000              	DEFW	0
   806  0604  11                	DEFB	11H
   807  0605  b8                	DEFB	TTO
   808  0606  0000              	DEFW	0
   809  0608  17                	DEFB	17H
   810  0609  e4                	DEFB	TGOSUB
   811  060a  00                	DEFB	0
   812  060b  ee                	DEFB	TON
   813  060c  2073796e746178    	DEFM	" syntax"
   814  0613  00                	DEFB	0
   815  0614  ee                	DEFB	TON
   816  0615  14                	DEFB	14H
   817  0616  00                	DEFB	0
   818  0617  12                	DEFB	12H
   819  0618  6c696e65          	DEFM	"line"
   820  061c  00                	DEFB	0
   821  061d  16                	DEFB	16H
   822  061e  20                	DEFM	" "
   823  061f  dc                	DEFB	TDATA
   824  0620  00                	DEFB	0
   825  0621  19                	DEFB	19H
   826  0622  f5                	DEFB	TREPEAT
   827  0623  1a                	DEFB	1AH
   828  0624  00                	DEFB	0
   829  0625  13                	DEFB	13H
   830  0626  10                	DEFB	TEXIT
   831  0627  00                	DEFB	0
   832  0628  11                	DEFB	11H
   833  0629  23                	DEFM	"#"
   834  062a  00                	DEFB	0
   835  062b  19                	DEFB	19H		;46 Not in a WHILE loop
   836  062c  c7                	DEFB	TWHILE
   837  062d  1a                	DEFB	1AH
   838  062e  00                	DEFB	0
   839  062f  11                	DEFB	11H		;47 Missing ENDCASE
   840  0630  cb                	DEFB	TENDCASE
   841  0631  00                	DEFB	0
   842  0632  ca                	DEFB	TOF		;48 OF not last
   843  0633  1b                	DEFB	1BH
   844  0634  6c617374          	DEFM	"last"
   845  0638  00                	DEFB	0
   846  0639  11                	DEFB	11H		;49 Missing ENDIF
   847  063a  cd                	DEFB	TENDIF
   848  063b  00                	DEFB	0
   849  063c  0000              	DEFW	0
   850  063e  00                	DEFB	0
   851  063f  ee                	DEFB	TON		;53 ON ERROR not LOCAL
   852  0640  20                	DEFM	" "
   853  0641  85                	DEFB	TERROR
   854  0642  1b                	DEFB	1BH
   855  0643  ea                	DEFB	TLOCAL
   856  0644  00                	DEFB	0
   857  0645  dc                	DEFB	TDATA		;54 DATA not LOCAL
   858  0646  1b                	DEFB	1BH
   859  0647  ea                	DEFB	TLOCAL
   860  0648  00                	DEFB	0
   861                          ;
   862                          ;Indent tokens (first four needn't be at start of line):
   863                          ;
   864  0649  e3                TOKADD:	DEFB	TFOR
   865  064a  f5                	DEFB	TREPEAT
   866  064b  c7                	DEFB	TWHILE
   867  064c  c8                	DEFB	TCASE
   868  064d  8b                	DEFB	TELSE
   869  064e  c9                	DEFB	TWHEN
   870  064f  cc                	DEFB	TOTHERWISE
   871                          LENADD	EQU	$-TOKADD
   872                          ;
   873                          ;Outdent tokens (first three needn't be at start of line):
   874                          ;
   875  0650  ed                TOKSUB:	DEFB	TNEXT
   876  0651  fd                	DEFB	TUNTIL
   877  0652  ce                	DEFB	TENDWHILE
   878  0653  cb                	DEFB	TENDCASE
   879  0654  cd                	DEFB	TENDIF
   880  0655  8b                	DEFB	TELSE
   881  0656  c9                	DEFB	TWHEN
   882  0657  cc                	DEFB	TOTHERWISE
   883                          LENSUB	EQU	$-TOKSUB
   884                          ;
   885                          ;COMMANDS:
   886                          ;
   887                          ;DELETE line,line
   888                          ;
   889  0658  cdbb0c            DELETE:	CALL	DLPAIR
   890  065b  7e                DELET1:	LD	A,(HL)
   891  065c  b7                	OR	A
   892  065d  2879              	JR	Z,WARMNC
   893  065f  23                	INC	HL
   894  0660  5e                	LD	E,(HL)
   895  0661  23                	INC	HL
   896  0662  56                	LD	D,(HL)
   897  0663  2b                	DEC	HL
   898  0664  2b                	DEC	HL
   899  0665  eb                	EX	DE,HL
   900  0666  37                	SCF
   901  0667  ed42              	SBC	HL,BC
   902  0669  eb                	EX	DE,HL
   903  066a  306c              	JR	NC,WARMNC
   904  066c  c5                	PUSH	BC
   905  066d  cdc308            	CALL	DEL
   906  0670  c1                	POP	BC
   907  0671  18e8              	JR	DELET1
   908                          ;
   909                          ;LISTO expr
   910                          ;
   911  0673  fd23              LISTO:	INC	IY		;SKIP "O"
   912  0675  cd0000            	CALL	EXPRI
   913  0678  d9                	EXX
   914  0679  7d                	LD	A,L
   915  067a  320000            	LD	(LISTON),A
   916  067d  c37300            	JP	CLOOP
   917                          ;
   918                          ;LIST
   919                          ;LIST line
   920                          ;LIST line,line [IF string]
   921                          ;LIST ,line
   922                          ;LIST line,
   923                          ;
   924  0680  fe4f              LIST:	CP	'O'
   925  0682  28ef              	JR	Z,LISTO
   926  0684  0e01              	LD	C,1
   927  0686  110000            	LD	DE,BUFFER
   928  0689  cdfc0c            	CALL	LEXAN2
   929  068c  12                	LD	(DE),A
   930  068d  fd210000          	LD	IY,BUFFER
   931  0691  cdbb0c            	CALL	DLPAIR
   932  0694  cdec0d            	CALL	NXT
   933  0697  fee7              	CP	TIF		;IF CLAUSE ?
   934  0699  3e00              	LD	A,0		;INIT IF-CLAUSE LENGTH
   935  069b  2015              	JR	NZ,LISTB
   936  069d  fd23              	INC	IY		;SKIP IF
   937  069f  cdec0d            	CALL	NXT		;SKIP SPACES (IF ANY)
   938  06a2  eb                	EX	DE,HL
   939  06a3  fde5              	PUSH	IY
   940  06a5  e1                	POP	HL		;HL ADDRESSES IF CLAUSE
   941  06a6  3e0d              	LD	A,CR
   942  06a8  c5                	PUSH	BC
   943  06a9  010001            	LD	BC,256
   944  06ac  edb1              	CPIR			;LOCATE CR
   945  06ae  79                	LD	A,C
   946  06af  2f                	CPL			;A = SUBSTRING LENGTH
   947  06b0  c1                	POP	BC
   948  06b1  eb                	EX	DE,HL
   949  06b2  5f                LISTB:	LD	E,A		;IF-CLAUSE LENGTH
   950  06b3  78                	LD	A,B
   951  06b4  b1                	OR	C
   952  06b5  2001              	JR	NZ,LISTA
   953  06b7  0b                	DEC	BC
   954  06b8  d9                LISTA:	EXX
   955  06b9  dd210000          	LD	IX,LISTON
   956  06bd  1e00              	LD	E,0		;INDENTATION COUNT
   957  06bf  d9                	EXX
   958  06c0  3e14              	LD	A,20
   959                          ;
   960  06c2  c5                LISTC:	PUSH	BC		;SAVE HIGH LINE NUMBER
   961  06c3  d5                	PUSH	DE		;SAVE IF-CLAUSE LENGTH
   962  06c4  e5                	PUSH	HL		;SAVE PROGRAM POINTER
   963  06c5  08                	EX	AF,AF'
   964  06c6  7e                	LD	A,(HL)
   965  06c7  b7                	OR	A
   966  06c8  280e              	JR	Z,WARMNC
   967                          ;
   968                          ;CHECK IF PAST TERMINATING LINE NUMBER:
   969                          ;
   970  06ca  7b                	LD	A,E		;A = IF-CLAUSE LENGTH
   971  06cb  23                	INC	HL
   972  06cc  5e                	LD	E,(HL)
   973  06cd  23                	INC	HL
   974  06ce  56                	LD	D,(HL)		;DE = LINE NUMBER
   975  06cf  2b                	DEC	HL
   976  06d0  2b                	DEC	HL
   977  06d1  d5                	PUSH	DE		;SAVE LINE NUMBER
   978  06d2  eb                	EX	DE,HL
   979  06d3  37                	SCF
   980  06d4  ed42              	SBC	HL,BC
   981  06d6  eb                	EX	DE,HL
   982  06d7  d1                	POP	DE		;RESTORE LINE NUMBER
   983  06d8  d27300            WARMNC:	JP	NC,WARM
   984  06db  4e                	LD	C,(HL)		;C = LINE LENGTH + 4
   985  06dc  47                	LD	B,A		;B = IF-CLAUSE LENGTH
   986                          ;
   987                          ;CHECK FOR IF CLAUSE:
   988                          ;
   989  06dd  23                	INC	HL
   990  06de  23                	INC	HL
   991  06df  23                	INC	HL		;HL ADDRESSES LINE TEXT
   992  06e0  0d                	DEC	C
   993  06e1  0d                	DEC	C
   994  06e2  0d                	DEC	C
   995  06e3  0d                	DEC	C		;C = LINE LENGTH
   996  06e4  d5                	PUSH	DE		;SAVE LINE NUMBER
   997  06e5  e5                	PUSH	HL		;SAVE LINE ADDRESS
   998  06e6  af                	XOR	A		;A <- 0
   999  06e7  b8                	CP	B		;WAS THERE AN IF-CLAUSE
  1000  06e8  fde5              	PUSH	IY
  1001  06ea  d1                	POP	DE		;DE ADDRESSES IF-CLAUSE
  1002  06eb  c40000            	CALL	NZ,SEARCH	;SEARCH FOR IF CLAUSE
  1003  06ee  e1                	POP	HL		;RESTORE LINE ADDRESS
  1004  06ef  d1                	POP	DE		;RESTORE LINE NUMBER
  1005  06f0  fde5              	PUSH	IY
  1006  06f2  cc3709            	CALL	Z,LISTIT	;LIST IF MATCH
  1007  06f5  fde1              	POP	IY
  1008                          ;
  1009  06f7  08                	EX	AF,AF'
  1010  06f8  3d                	DEC	A
  1011  06f9  cd0000            	CALL	LTRAP
  1012  06fc  e1                	POP	HL		;RESTORE POINTER
  1013  06fd  5e                	LD	E,(HL)
  1014  06fe  1600              	LD	D,0
  1015  0700  19                	ADD	HL,DE		;ADDRESS NEXT LINE
  1016  0701  d1                	POP	DE		;RESTORE IF-CLAUSE LEN
  1017  0702  c1                	POP	BC		;RESTORE HI LINE NUMBER
  1018  0703  18bd              	JR	LISTC
  1019                          ;
  1020                          ;RENUMBER
  1021                          ;RENUMBER start
  1022                          ;RENUMBER start,increment
  1023                          ;RENUMBER ,increment
  1024                          ;
  1025  0705  cd1d09            RENUM:	CALL	CLEAR		;USES DYNAMIC AREA
  1026  0708  cd980c            	CALL	PAIR		;LOAD HL,BC
  1027  070b  d9                	EXX
  1028  070c  2a0000            	LD	HL,(PAGE)
  1029  070f  ed5b0000          	LD	DE,(LOMEM)
  1030  0713  7e                RENUM1:	LD	A,(HL)		;BUILD TABLE
  1031  0714  b7                	OR	A
  1032  0715  2828              	JR	Z,RENUM2
  1033  0717  23                	INC	HL
  1034  0718  4e                	LD	C,(HL)		;OLD LINE NUMBER
  1035  0719  23                	INC	HL
  1036  071a  46                	LD	B,(HL)
  1037  071b  eb                	EX	DE,HL
  1038  071c  71                	LD	(HL),C
  1039  071d  23                	INC	HL
  1040  071e  70                	LD	(HL),B
  1041  071f  23                	INC	HL
  1042  0720  d9                	EXX
  1043  0721  e5                	PUSH	HL
  1044  0722  09                	ADD	HL,BC		;ADD INCREMENT
  1045  0723  da930c            	JP	C,TOOBIG	;"Too big"
  1046  0726  d9                	EXX
  1047  0727  c1                	POP	BC
  1048  0728  71                	LD	(HL),C
  1049  0729  23                	INC	HL
  1050  072a  70                	LD	(HL),B
  1051  072b  23                	INC	HL
  1052  072c  eb                	EX	DE,HL
  1053  072d  2b                	DEC	HL
  1054  072e  2b                	DEC	HL
  1055  072f  af                	XOR	A
  1056  0730  47                	LD	B,A
  1057  0731  4e                	LD	C,(HL)
  1058  0732  09                	ADD	HL,BC		;NEXT LINE
  1059  0733  eb                	EX	DE,HL
  1060  0734  e5                	PUSH	HL
  1061  0735  24                	INC	H
  1062  0736  ed72              	SBC	HL,SP
  1063  0738  e1                	POP	HL
  1064  0739  eb                	EX	DE,HL
  1065  073a  38d7              	JR	C,RENUM1	;CONTINUE
  1066  073c  c31e08            	JP	ERROR		;'No room' (A = 0)
  1067                          ;
  1068  073f  eb                RENUM2:	EX	DE,HL
  1069  0740  36ff              	LD	(HL),-1
  1070  0742  23                	INC	HL
  1071  0743  36ff              	LD	(HL),-1
  1072  0745  ed5b0000          	LD	DE,(LOMEM)
  1073  0749  d9                	EXX
  1074  074a  2a0000            	LD	HL,(PAGE)
  1075  074d  4e                RENUM3:	LD	C,(HL)
  1076  074e  79                	LD	A,C
  1077  074f  b7                	OR	A
  1078  0750  2886              	JR	Z,WARMNC
  1079  0752  d9                	EXX
  1080  0753  eb                	EX	DE,HL
  1081  0754  23                	INC	HL
  1082  0755  23                	INC	HL
  1083  0756  5e                	LD	E,(HL)
  1084  0757  23                	INC	HL
  1085  0758  56                	LD	D,(HL)
  1086  0759  23                	INC	HL
  1087  075a  d5                	PUSH	DE
  1088  075b  eb                	EX	DE,HL
  1089  075c  d9                	EXX
  1090  075d  d1                	POP	DE
  1091  075e  23                	INC	HL
  1092  075f  73                	LD	(HL),E		;NEW LINE NUMBER
  1093  0760  23                	INC	HL
  1094  0761  72                	LD	(HL),D
  1095  0762  23                	INC	HL
  1096  0763  0d                	DEC	C
  1097  0764  0d                	DEC	C
  1098  0765  0d                	DEC	C
  1099  0766  0600              	LD	B,0
  1100  0768  3e8d              RENUM7:	LD	A,TLINO
  1101  076a  edb1              	CPIR			;SEARCH FOR LINE NUMBER
  1102  076c  20df              	JR	NZ,RENUM3
  1103  076e  c5                	PUSH	BC
  1104  076f  e5                	PUSH	HL
  1105  0770  e5                	PUSH	HL
  1106  0771  fde1              	POP	IY
  1107  0773  d9                	EXX
  1108  0774  e5                	PUSH	HL
  1109  0775  cd0000            	CALL	DECODE		;DECODE LINE NUMBER
  1110  0778  e1                	POP	HL
  1111  0779  d9                	EXX
  1112  077a  44                	LD	B,H
  1113  077b  4d                	LD	C,L
  1114  077c  2a0000            	LD	HL,(LOMEM)
  1115  077f  5e                RENUM4:	LD	E,(HL)		;CROSS-REFERENCE TABLE
  1116  0780  23                	INC	HL
  1117  0781  56                	LD	D,(HL)
  1118  0782  23                	INC	HL
  1119  0783  eb                	EX	DE,HL
  1120  0784  b7                	OR	A		;CLEAR CARRY
  1121  0785  ed42              	SBC	HL,BC
  1122  0787  eb                	EX	DE,HL
  1123  0788  5e                	LD	E,(HL)		;NEW NUMBER
  1124  0789  23                	INC	HL
  1125  078a  56                	LD	D,(HL)
  1126  078b  23                	INC	HL
  1127  078c  38f1              	JR	C,RENUM4
  1128  078e  eb                	EX	DE,HL
  1129  078f  2814              	JR	Z,RENUM5	;FOUND
  1130  0791  e5                	PUSH HL
  1131  0792  21af07            	LD HL,FAILMSG
  1132  0795  cdde0d            	CALL	TELL
  1133  0798  e1                	POP HL
  1134  0799  d9                	EXX
  1135  079a  e5                	PUSH	HL
  1136  079b  d9                	EXX
  1137  079c  e1                	POP	HL
  1138  079d  cd6b0a            	CALL	PBCDL
  1139  07a0  cdd509            	CALL	CRLF
  1140  07a3  1806              	JR	RENUM6
  1141  07a5  d1                RENUM5:	POP	DE
  1142  07a6  d5                	PUSH	DE
  1143  07a7  1b                	DEC	DE
  1144  07a8  cda30d            	CALL	ENCODE		;RE-WRITE NUMBER
  1145  07ab  e1                RENUM6:	POP	HL
  1146  07ac  c1                	POP	BC
  1147  07ad  18b9              	JR	RENUM7
  1148                          
  1149                          FAILMSG:
  1150  07af  4661696c65642061  	DEFB	"Failed at "
              7420              
  1151  07b9  00                	DEFB	0
  1152                          ;
  1153                          ;AUTO
  1154                          ;AUTO start,increment
  1155                          ;AUTO start
  1156                          ;AUTO ,increment
  1157                          ;
  1158  07ba  cd980c            AUTO:	CALL	PAIR
  1159  07bd  220000            	LD	(AUTONO),HL
  1160  07c0  79                	LD	A,C
  1161  07c1  320000            	LD	(INCREM),A
  1162  07c4  183a              	JR	CLOOP0
  1163                          ;
  1164                          ;BAD
  1165                          ;NEW
  1166                          ;
  1167  07c6  21d107            BAD:	LD HL,BADPROGRAMMSG
  1168  07c9  cdde0d            CALL	TELL		;"Bad program'
  1169                          
  1170  07cc  cd1809            NEW:	CALL	NEWIT
  1171  07cf  182f              	JR	CLOOP0
  1172                          
  1173                          BADPROGRAMMSG:
  1174  07d1  13                	DEFB	13H
  1175  07d2  70726f6772616d    	DEFM	"program"
  1176  07d9  0d                	DEFB	CR
  1177  07da  0a                	DEFB	LF
  1178  07db  00                	DEFB	0
  1179                          ;
  1180                          ;LOAD filename
  1181                          ;
  1182  07dc  cd0000            LOAD:	CALL	EXPRS		;GET FILENAME
  1183  07df  3e0d              	LD	A,CR
  1184  07e1  12                	LD	(DE),A
  1185  07e2  cdda08            	CALL	LOAD0
  1186  07e5  cd1d09            	CALL	CLEAR
  1187  07e8  1831              	JR	WARM0
  1188                          ;
  1189                          ;OLD
  1190                          ;
  1191  07ea  2a0000            OLD:	LD	HL,(PAGE)
  1192  07ed  e5                	PUSH	HL
  1193  07ee  23                	INC	HL
  1194  07ef  23                	INC	HL
  1195  07f0  23                	INC	HL
  1196  07f1  01fc00            	LD	BC,252
  1197  07f4  3e0d              	LD	A,CR
  1198  07f6  edb1              	CPIR
  1199  07f8  20cc              	JR	NZ,BAD
  1200  07fa  7d                	LD	A,L
  1201  07fb  e1                	POP	HL
  1202  07fc  77                	LD	(HL),A
  1203  07fd  cdf408            	CALL	CLEAN
  1204  0800  c37300            CLOOP0:	JP	CLOOP
  1205                          ;
  1206                          ;SAVE filename
  1207                          ;
  1208  0803  cd0000            SAVE:	CALL	EXPRS		;FILENAME
  1209  0806  3e0d              	LD	A,CR
  1210  0808  12                	LD	(DE),A
  1211  0809  ed5b0000          	LD	DE,(PAGE)
  1212  080d  cdff08            	CALL	GETTOP
  1213  0810  b7                	OR	A
  1214  0811  ed52              	SBC	HL,DE
  1215  0813  44                	LD	B,H		;LENGTH OF PROGRAM
  1216  0814  4d                	LD	C,L
  1217  0815  210000            	LD	HL,ACCS
  1218  0818  cd0000            	CALL	OSSAVE
  1219  081b  c37300            WARM0:	JP	WARM
  1220                          ;
  1221                          ;ERROR
  1222                          ;N.B. CARE NEEDED BECAUSE SP MAY NOT BE VALID (E.G. ABOVE HIMEM)
  1223                          ;
  1224  081e  21f304            ERROR:	LD	HL,ERRWDS
  1225  0821  4f                	LD	C,A
  1226  0822  b7                	OR	A
  1227  0823  280c              	JR	Z,ERROR1
  1228  0825  47                	LD	B,A		;ERROR NUMBER
  1229  0826  af                	XOR	A
  1230  0827  be                ERROR0:	CP	(HL)
  1231  0828  23                	INC	HL
  1232  0829  20fc              	JR	NZ,ERROR0
  1233  082b  10fa              	DJNZ	ERROR0
  1234  082d  1802              	JR	ERROR1		;MUST NOT PUSH HL HERE
  1235                          ;
  1236  082f  e1                EXTERR:	POP	HL
  1237  0830  4f                	LD	C,A
  1238  0831  220000            ERROR1:	LD	(ERRTXT),HL
  1239  0834  2a0000            	LD	HL,(ONERSP)
  1240  0837  7c                	LD	A,H
  1241  0838  b5                	OR	L
  1242  0839  ed7b0000          	LD	SP,(HIMEM)	;MUST SET SP BEFORE 'CALL'
  1243  083d  2801              	JR	Z,ERROR4
  1244  083f  f9                	LD	SP,HL
  1245  0840  79                ERROR4:	LD	A,C		;ERROR NUMBER
  1246  0841  cd390a            	CALL	SETLIN		;SP IS SET NOW
  1247  0844  320000            	LD	(ERR),A
  1248  0847  220000            	LD	(ERL),HL
  1249  084a  b7                	OR	A
  1250  084b  280b              	JR	Z,ERROR2	;'FATAL' ERROR
  1251  084d  2a0000            	LD	HL,(ERRTRP)
  1252  0850  7c                	LD	A,H
  1253  0851  b5                	OR	L
  1254  0852  e5                	PUSH	HL
  1255  0853  fde1              	POP	IY
  1256  0855  c20000            	JP	NZ,XEQ		;ERROR TRAPPED
  1257  0858  ed7b0000          ERROR2:	LD	SP,(HIMEM)
  1258  085c  ed62              	SBC	HL,HL
  1259  085e  220000            	LD	(AUTONO),HL
  1260  0861  220000            	LD	(TRACEN),HL	;CANCEL TRACE
  1261  0864  cd0000            	CALL	RESET		;RESET OPSYS
  1262  0867  cdd509            	CALL	CRLF
  1263  086a  cdc90d            	CALL	REPORT		;MESSAGE
  1264  086d  2a0000            	LD	HL,(ERL)
  1265  0870  cd600a            	CALL	SAYLN
  1266  0873  1e00              	LD	E,0
  1267  0875  dc0000            	CALL	C,OSSHUT	;CLOSE ALL FILES
  1268  0878  cdd509            	CALL	CRLF
  1269  087b  1883              	JR	CLOOP0
  1270                          ;
  1271                          ;SUBROUTINES:
  1272                          ;
  1273                          ;
  1274                          ;LEX - SEARCH FOR KEYWORDS
  1275                          ;   Inputs: HL = start of keyword table
  1276                          ;           IY = start of match text
  1277                          ;  Outputs: If found, Z-flag set, A=token.
  1278                          ;           If not found, Z-flag reset, A=(IY).
  1279                          ;           IY updated (if NZ, IY unchanged).
  1280                          ; Destroys: A,B,H,L,IY,F
  1281                          ;
  1282  087d  215601            LEX:	LD	HL,KEYWDS
  1283  0880  fd7e00            LEX0:	LD	A,(IY)
  1284  0883  46                	LD	B,(HL)
  1285  0884  23                	INC	HL
  1286  0885  be                	CP	(HL)
  1287  0886  280a              	JR	Z,LEX2
  1288  0888  d8                	RET	C		;FAIL EXIT
  1289  0889  23                LEX1:	INC	HL
  1290  088a  7e                	LD	A,(HL)
  1291  088b  fea0              	CP	160
  1292  088d  ea8908            	JP	PE,LEX1
  1293  0890  18ee              	JR	LEX0
  1294                          ;
  1295  0892  fde5              LEX2:	PUSH	IY		;SAVE POINTER
  1296  0894  23                LEX3:	INC	HL
  1297  0895  7e                	LD	A,(HL)
  1298  0896  fea0              	CP	160
  1299  0898  e2bf08            	JP	PO,LEX6		;FOUND
  1300  089b  fd23              	INC	IY
  1301  089d  fd7e00            	LD	A,(IY)
  1302  08a0  be                	CP	(HL)
  1303  08a1  2005              	JR	NZ,LEX7
  1304  08a3  fea1              	CP	161
  1305  08a5  ea9408            	JP	PE,LEX3
  1306  08a8  fd7e00            LEX7:	LD	A,(IY)
  1307  08ab  fe2e              	CP	'.'
  1308  08ad  2810              	JR	Z,LEX6		;FOUND (ABBREV.)
  1309  08af  cde00c            	CALL	RANGE1
  1310  08b2  3804              	JR	C,LEX5
  1311  08b4  fde1              LEX4:	POP	IY		;RESTORE POINTER
  1312  08b6  18d1              	JR	LEX1
  1313                          ;
  1314  08b8  7e                LEX5:	LD	A,(HL)
  1315  08b9  fe20              	CP	' '
  1316  08bb  20f7              	JR	NZ,LEX4
  1317  08bd  fd2b              	DEC	IY
  1318  08bf  f1                LEX6:	POP	AF
  1319  08c0  af                	XOR	A
  1320  08c1  78                	LD	A,B
  1321  08c2  c9                	RET
  1322                          ;
  1323                          ;DEL - DELETE A PROGRAM LINE.
  1324                          ;   Inputs: HL addresses program line.
  1325                          ; Destroys: B,C,F
  1326                          ;
  1327  08c3  d5                DEL:	PUSH	DE
  1328  08c4  e5                	PUSH	HL
  1329  08c5  e5                	PUSH	HL
  1330  08c6  0600              	LD	B,0
  1331  08c8  4e                	LD	C,(HL)
  1332  08c9  09                	ADD	HL,BC
  1333  08ca  e5                	PUSH	HL
  1334  08cb  eb                	EX	DE,HL
  1335  08cc  cdff08            	CALL	GETTOP
  1336  08cf  ed52              	SBC	HL,DE
  1337  08d1  44                	LD	B,H
  1338  08d2  4d                	LD	C,L
  1339  08d3  e1                	POP	HL
  1340  08d4  d1                	POP	DE
  1341  08d5  edb0              	LDIR			;DELETE LINE
  1342  08d7  e1                	POP	HL
  1343  08d8  d1                	POP	DE
  1344  08d9  c9                	RET
  1345                          ;
  1346                          ;LOAD0 - LOAD A DISK FILE THEN CLEAN.
  1347                          ;   Inputs: Filename in ACCS (term CR)
  1348                          ; Destroys: A,B,C,D,E,H,L,F
  1349                          ;
  1350                          ;CLEAN - CHECK FOR BAD PROGRAM, FIND END OF TEXT
  1351                          ; AND WRITE FF FF.
  1352                          ; Destroys: A,B,C,H,L,F
  1353                          ;
  1354  08da  ed5b0000          LOAD0:	LD	DE,(PAGE)
  1355  08de  2100ff            	LD	HL,-256
  1356  08e1  39                	ADD	HL,SP
  1357  08e2  ed52              	SBC	HL,DE		;FIND AVAILABLE SPACE
  1358  08e4  44                	LD	B,H
  1359  08e5  4d                	LD	C,L
  1360  08e6  210000            	LD	HL,ACCS
  1361  08e9  cd0000            	CALL	OSLOAD		;LOAD
  1362  08ec  d41809            	CALL	NC,NEWIT
  1363  08ef  3e00              	LD	A,0
  1364  08f1  d21e08            	JP	NC,ERROR	;"No room"
  1365  08f4  cdff08            CLEAN:	CALL	GETTOP
  1366  08f7  2b                	DEC	HL
  1367  08f8  36ff              	LD	(HL),-1		;WRITE &FFFF
  1368  08fa  2b                	DEC	HL
  1369  08fb  36ff              	LD	(HL),-1
  1370  08fd  181e              	JR	CLEAR
  1371                          ;
  1372  08ff  2a0000            GETTOP:	LD	HL,(PAGE)
  1373  0902  0600              	LD	B,0
  1374  0904  3e0d              	LD	A,CR
  1375  0906  4e                GETOP1:	LD	C,(HL)
  1376  0907  0c                	INC	C
  1377  0908  0d                	DEC	C
  1378  0909  2809              	JR	Z,GETOP2
  1379  090b  09                	ADD	HL,BC
  1380  090c  2b                	DEC	HL
  1381  090d  be                	CP	(HL)
  1382  090e  23                	INC	HL
  1383  090f  28f5              	JR	Z,GETOP1
  1384  0911  c3c607            	JP	BAD
  1385  0914  23                GETOP2:	INC	HL		;N.B. CALLED FROM NEWIT
  1386  0915  23                	INC	HL
  1387  0916  23                	INC	HL
  1388  0917  c9                	RET
  1389                          ;
  1390                          ;NEWIT - NEW PROGRAM THEN CLEAR
  1391                          ;   Destroys: H,L
  1392                          ;
  1393                          ;CLEAR - CLEAR ALL DYNAMIC VARIABLES INCLUDING
  1394                          ; FUNCTION AND PROCEDURE POINTERS.
  1395                          ;   Destroys: Nothing
  1396                          ;
  1397  0918  2a0000            NEWIT:	LD	HL,(PAGE)
  1398  091b  3600              	LD	(HL),0
  1399  091d  e5                CLEAR:	PUSH	HL
  1400  091e  c5                	PUSH	BC
  1401  091f  f5                	PUSH	AF
  1402  0920  cdff08            	CALL	GETTOP
  1403  0923  220000            	LD	(LOMEM),HL
  1404  0926  220000            	LD	(FREE),HL
  1405  0929  210000            	LD	HL,DYNVAR
  1406  092c  0670              	LD	B,2*(54+2)
  1407  092e  3600              CLEAR1:	LD	(HL),0
  1408  0930  23                	INC	HL
  1409  0931  10fb              	DJNZ	CLEAR1
  1410  0933  f1                	POP	AF
  1411  0934  c1                	POP	BC
  1412  0935  e1                	POP	HL
  1413  0936  c9                	RET
  1414                          ;
  1415                          ;LISTIT - LIST A PROGRAM LINE.
  1416                          ;    Inputs: HL addresses line
  1417                          ;            DE = line number (binary)
  1418                          ;	     E' = indentation count
  1419                          ;            IX addresses LISTON
  1420                          ;  Destroys: A,D,E,B',C',D',E',H',L',IY,F
  1421                          ;
  1422  0937  e5                LISTIT:	PUSH	HL
  1423  0938  eb                	EX	DE,HL
  1424  0939  c5                	PUSH	BC
  1425  093a  cd7a0a            	CALL	PBCD
  1426  093d  c1                	POP	BC
  1427  093e  e1                	POP	HL
  1428  093f  7e                	LD	A,(HL)
  1429  0940  d9                	EXX
  1430  0941  215006            	LD	HL,TOKSUB
  1431  0944  010800            	LD	BC,LENSUB
  1432  0947  edb1              	CPIR
  1433  0949  cccf09            	CALL	Z,INDSUB
  1434  094c  fecb              	CP	TENDCASE
  1435  094e  cccf09            	CALL	Z,INDSUB
  1436  0951  3e20              	LD	A,' '
  1437  0953  ddcb0046          	BIT	0,(IX)
  1438  0957  c4dc09            	CALL	NZ,OUTCHR
  1439  095a  7b                	LD	A,E
  1440  095b  87                	ADD	A,A
  1441  095c  ddcb004e          	BIT	1,(IX)
  1442  0960  c40000            	CALL	NZ,SPACES
  1443  0963  d9                	EXX
  1444  0964  7e                	LD	A,(HL)
  1445  0965  1e00              	LD	E,0
  1446  0967  d9                	EXX
  1447  0968  010700            	LD	BC,LENADD
  1448  096b  214906            LIST5:	LD	HL,TOKADD
  1449  096e  edb1              	CPIR
  1450  0970  ccd309            	CALL	Z,INDADD
  1451  0973  fec8              	CP	TCASE
  1452  0975  ccd309            	CALL	Z,INDADD
  1453  0978  d9                	EXX
  1454  0979  7e                LIST8:	LD	A,(HL)
  1455  097a  23                	INC	HL
  1456  097b  fe0d              	CP	CR
  1457  097d  2825              	JR	Z,LIST9
  1458  097f  57                	LD	D,A
  1459  0980  fe10              	CP	TEXIT
  1460  0982  2002              	JR	NZ,LIST6
  1461  0984  cbfb              	SET	7,E
  1462  0986  fe22              LIST6:	CP	'"'
  1463  0988  2001              	JR	NZ,LIST7
  1464  098a  1c                	INC	E
  1465  098b  cdc309            LIST7:	CALL	LOUT
  1466  098e  7b                	LD	A,E
  1467  098f  e681              	AND	81H
  1468  0991  20e6              	JR	NZ,LIST8
  1469  0993  7e                	LD	A,(HL)
  1470  0994  d9                	EXX
  1471  0995  215006            	LD	HL,TOKSUB
  1472  0998  010300            	LD	BC,3
  1473  099b  edb1              	CPIR
  1474  099d  cccf09            	CALL	Z,INDSUB
  1475  09a0  0e04              	LD	C,4
  1476  09a2  18c7              	JR	LIST5
  1477                          ;
  1478  09a4  7a                LIST9:	LD	A,D
  1479  09a5  fe8c              	CP	TTHEN
  1480  09a7  d9                	EXX
  1481  09a8  ccd309            	CALL	Z,INDADD
  1482  09ab  d9                	EXX
  1483  09ac  1827              	JR	CRLF
  1484                          ;
  1485  09ae  e5                PRLINO:	PUSH	HL
  1486  09af  fde1              	POP	IY
  1487  09b1  c5                	PUSH	BC
  1488  09b2  cd0000            	CALL	DECODE
  1489  09b5  c1                	POP	BC
  1490  09b6  d9                	EXX
  1491  09b7  c5                	PUSH	BC
  1492  09b8  d5                	PUSH	DE
  1493  09b9  cd6b0a            	CALL	PBCDL
  1494  09bc  d1                	POP	DE
  1495  09bd  c1                	POP	BC
  1496  09be  d9                	EXX
  1497  09bf  fde5              	PUSH	IY
  1498  09c1  e1                	POP	HL
  1499  09c2  c9                	RET
  1500                          ;
  1501  09c3  cb43              LOUT:	BIT	0,E
  1502  09c5  2015              	JR	NZ,OUTCHR
  1503  09c7  fe8d              	CP	TLINO
  1504  09c9  28e3              	JR	Z,PRLINO
  1505  09cb  cdf509            	CALL	OUT
  1506  09ce  c9                	RET
  1507                          ;
  1508  09cf  1d                INDSUB:	DEC	E
  1509  09d0  f2d409            	JP	P,INDRET
  1510  09d3  1c                INDADD:	INC	E
  1511  09d4  c9                INDRET:	RET
  1512                          ;
  1513                          ;CRLF - SEND CARRIAGE RETURN, LINE FEED.
  1514                          ;  Destroys: A,F
  1515                          ;OUTCHR - OUTPUT A CHARACTER TO CONSOLE.
  1516                          ;    Inputs: A = character
  1517                          ;  Destroys: A,F
  1518                          ;
  1519  09d5  3e0d              CRLF:	LD	A,CR
  1520  09d7  cddc09            	CALL	OUTCHR
  1521  09da  3e0a              	LD	A,LF
  1522  09dc  cd0000            OUTCHR:	CALL	OSWRCH
  1523  09df  d60d              	SUB	CR
  1524  09e1  2805              	JR	Z,CARRET
  1525  09e3  d8                	RET	C		;NON-PRINTING
  1526  09e4  3a0000            	LD	A,(COUNT)
  1527  09e7  3c                	INC	A
  1528  09e8  320000            CARRET:	LD	(COUNT),A
  1529  09eb  c8                	RET	Z
  1530  09ec  e5                	PUSH	HL
  1531  09ed  2a0000            	LD	HL,(WIDTH)
  1532  09f0  bd                	CP	L
  1533  09f1  e1                	POP	HL
  1534  09f2  c0                	RET	NZ
  1535  09f3  18e0              	JR	CRLF
  1536                          ;
  1537                          ;OUT - SEND CHARACTER OR KEYWORD
  1538                          ;   Inputs: A = character (>=10, <128)
  1539                          ;           A = Token (<10, >=128)
  1540                          ;  Destroys: A,F
  1541                          ;
  1542  09f5  fe0a              OUT:CP	10
  1543  09f7  3805              	JR	C,TOKEN0
  1544  09f9  fe80              	CP	128
  1545  09fb  dadc09            	JP	C,OUTCHR
  1546                          TOKEN0:
  1547  09fe  c5                	PUSH	BC
  1548  09ff  e5                	PUSH	HL
  1549  0a00  215601            	LD	HL,KEYWDS
  1550  0a03  015b03            	LD	BC,KEYWDL
  1551  0a06  edb1              	CPIR
  1552  0a08  c4dc09            	CALL	NZ,OUTCHR
  1553  0a0b  06a0              	LD	B,160
  1554  0a0d  fe91              	CP	145
  1555  0a0f  ea130a            	JP	PE,TOKEN1
  1556  0a12  04                	INC	B
  1557  0a13  7e                TOKEN1:	LD	A,(HL)
  1558  0a14  23                	INC	HL
  1559  0a15  b8                	CP	B
  1560  0a16  f5                	PUSH	AF
  1561  0a17  ecdc09            	CALL	PE,OUTCHR
  1562  0a1a  f1                	POP	AF
  1563  0a1b  ea130a            	JP	PE,TOKEN1
  1564  0a1e  e1                	POP	HL
  1565  0a1f  c1                	POP	BC
  1566  0a20  c9                	RET
  1567                          ;
  1568                          ;FINDL - FIND PROGRAM LINE.
  1569                          ;   Inputs: HL = line number (binary)
  1570                          ;  Outputs: HL addresses line (if found)
  1571                          ;           DE = line number
  1572                          ;           Z-flag set if found.
  1573                          ; Destroys: A,B,C,D,E,H,L,F
  1574                          ;
  1575  0a21  eb                FINDL:	EX	DE,HL
  1576  0a22  2a0000            	LD	HL,(PAGE)
  1577  0a25  af                	XOR	A		;A=0
  1578  0a26  be                	CP	(HL)
  1579  0a27  3c                	INC	A
  1580  0a28  d0                	RET	NC
  1581  0a29  af                	XOR	A		;CLEAR CARRY
  1582  0a2a  47                	LD	B,A
  1583  0a2b  4e                FINDL1:	LD	C,(HL)
  1584  0a2c  e5                	PUSH	HL
  1585  0a2d  23                	INC	HL
  1586  0a2e  7e                	LD	A,(HL)
  1587  0a2f  23                	INC	HL
  1588  0a30  66                	LD	H,(HL)
  1589  0a31  6f                	LD	L,A
  1590  0a32  ed52              	SBC	HL,DE
  1591  0a34  e1                	POP	HL
  1592  0a35  d0                	RET	NC		;FOUND OR PAST
  1593  0a36  09                	ADD	HL,BC
  1594  0a37  18f2              	JR	FINDL1
  1595                          ;
  1596                          ;SETLIN - Search program for line containing address.
  1597                          ;   Inputs: Address in (CURLIN)
  1598                          ;  Outputs: Line number in HL
  1599                          ; Destroys: B,C,D,E,H,L,F
  1600                          ;
  1601  0a39  0600              SETLIN:	LD	B,0
  1602  0a3b  ed5b0000          	LD	DE,(CURLIN)
  1603  0a3f  2a0000            	LD	HL,(PAGE)
  1604  0a42  b7                	OR	A
  1605  0a43  ed52              	SBC	HL,DE
  1606  0a45  19                	ADD	HL,DE
  1607  0a46  3013              	JR	NC,SET3
  1608  0a48  4e                SET1:	LD	C,(HL)
  1609  0a49  0c                	INC	C
  1610  0a4a  0d                	DEC	C
  1611  0a4b  280e              	JR	Z,SET3
  1612  0a4d  09                	ADD	HL,BC
  1613  0a4e  ed52              	SBC	HL,DE
  1614  0a50  19                	ADD	HL,DE
  1615  0a51  38f5              	JR	C,SET1
  1616  0a53  ed42              	SBC	HL,BC
  1617  0a55  23                	INC	HL
  1618  0a56  5e                	LD	E,(HL)		;LINE NUMBER
  1619  0a57  23                	INC	HL
  1620  0a58  56                	LD	D,(HL)
  1621  0a59  eb                	EX	DE,HL
  1622  0a5a  c9                SET2:	RET
  1623                          ;
  1624  0a5b  210000            SET3:	LD	HL,0
  1625  0a5e  18fa              	JR	SET2
  1626                          ;
  1627                          ;SAYLN - PRINT " at line nnnn" MESSAGE.
  1628                          ;   Inputs: HL = line number
  1629                          ;  Outputs: Carry=0 if line number is zero.
  1630                          ;           Carry=1 if line number is non-zero.
  1631                          ; Destroys: A,B,C,D,E,H,L,F
  1632                          ;
  1633  0a60  7c                SAYLN:	LD	A,H
  1634  0a61  b5                	OR	L
  1635  0a62  c8                	RET	Z
  1636  0a63  e5                	PUSH HL
  1637  0a64  216f0a            	LD	HL,ATLINEMSG
  1638  0a67  cdde0d            	CALL	TELL
  1639  0a6a  e1                	POP HL
  1640  0a6b  0e00              PBCDL:	LD	C,0
  1641  0a6d  180d              	JR	PBCD0
  1642                          
  1643                          ATLINEMSG:
  1644  0a6f  13                	DEFB	13H
  1645  0a70  206174206c696e65  	DEFM	" at line "
              20                
  1646  0a79  00                	DEFB	0
  1647                          ;
  1648                          ;PBCD - PRINT NUMBER AS DECIMAL INTEGER.
  1649                          ;   Inputs: HL = number (binary).
  1650                          ;  Outputs: Carry = 1
  1651                          ; Destroys: A,B,C,D,E,H,L,F
  1652                          ;
  1653  0a7a  0e20              PBCD:	LD	C,' '
  1654  0a7c  0605              PBCD0:	LD	B,5
  1655  0a7e  111027            	LD	DE,10000
  1656  0a81  af                PBCD1:	XOR	A
  1657  0a82  ed52              PBCD2:	SBC	HL,DE
  1658  0a84  3c                	INC	A
  1659  0a85  30fb              	JR	NC,PBCD2
  1660  0a87  19                	ADD	HL,DE
  1661  0a88  3d                	DEC	A
  1662  0a89  2804              	JR	Z,PBCD3
  1663  0a8b  cbe1              	SET	4,C
  1664  0a8d  cbe9              	SET	5,C
  1665  0a8f  b1                PBCD3:	OR	C
  1666  0a90  c4dc09            	CALL	NZ,OUTCHR
  1667  0a93  78                	LD	A,B
  1668  0a94  fe05              	CP	5
  1669  0a96  2806              	JR	Z,PBCD4
  1670  0a98  29                	ADD	HL,HL
  1671  0a99  54                	LD	D,H
  1672  0a9a  5d                	LD	E,L
  1673  0a9b  29                	ADD	HL,HL
  1674  0a9c  29                	ADD	HL,HL
  1675  0a9d  19                	ADD	HL,DE
  1676  0a9e  11e803            PBCD4:	LD	DE,1000
  1677  0aa1  10de              	DJNZ	PBCD1
  1678  0aa3  37                	SCF
  1679  0aa4  c9                	RET
  1680                          ;
  1681                          ;HANDLE WHOLE ARRAY:
  1682                          ;
  1683  0aa5  fd23              GETV1:	INC	IY
  1684  0aa7  fd23              	INC	IY		;SKIP ()
  1685  0aa9  e5                	PUSH	HL		;SET EXIT CONDITIONS
  1686  0aaa  dde1              	POP	IX
  1687  0aac  7a                	LD	A,D
  1688  0aad  f640              	OR	64		;FLAG ARRAY
  1689  0aaf  bf                	CP	A
  1690  0ab0  c9                	RET
  1691                          ;
  1692                          ;PUTVAR - CREATE VARIABLE AND INITIALISE TO ZERO.
  1693                          ;   Inputs: HL, IY as returned from GETVAR (NZ).
  1694                          ;  Outputs: As GETVAR.
  1695                          ; Destroys: everything
  1696                          ;
  1697  0ab1  cd200c            PUTVAR:	CALL	CREATE
  1698  0ab4  fd7e00            	LD	A,(IY)
  1699  0ab7  fe28              	CP	'('
  1700  0ab9  207d              	JR	NZ,GETVZ	;SET EXIT CONDITIONS
  1701  0abb  fd7e01            	LD	A,(IY+1)
  1702  0abe  fe29              	CP	')'		;WHOLE ARRAY?
  1703  0ac0  28e3              	JR	Z,GETV1
  1704  0ac2  3e0e              ARRAY:	LD	A,14		;'Bad use of array'
  1705  0ac4  c31e08            ERROR3:	JP	ERROR
  1706                          ;
  1707                          ;GETVAR - GET LOCATION OF VARIABLE, RETURN IN HL & IX
  1708                          ;   Inputs: IY addresses first character.
  1709                          ;  Outputs: Carry set and NZ if illegal character.
  1710                          ;           Z-flag set if variable found, then:
  1711                          ;            A = variable type (0,4,5,128 or 129)
  1712                          ;                (68,69 or 193 for whole array)
  1713                          ;            HL = IX = variable pointer.
  1714                          ;            IY updated
  1715                          ;           If Z-flag & carry reset, then:
  1716                          ;            HL, IY set for subsequent PUTVAR call.
  1717                          ; Destroys: everything
  1718                          ;
  1719  0ac7  fd7e00            GETVAR:	LD	A,(IY)
  1720  0aca  fe21              	CP	'!'
  1721  0acc  2876              	JR	Z,GETV5
  1722  0ace  fe3f              	CP	'?'
  1723  0ad0  2876              	JR	Z,GETV6
  1724  0ad2  fe7c              	CP	'|'
  1725  0ad4  2875              	JR	Z,GETVF
  1726  0ad6  fe24              	CP	'$'
  1727  0ad8  2875              	JR	Z,GETV4
  1728  0ada  cd940b            	CALL	LOCATE
  1729  0add  c0                	RET	NZ
  1730  0ade  fd7e00            	LD	A,(IY)
  1731  0ae1  fe28              	CP	'('		;ARRAY?
  1732  0ae3  204b              	JR	NZ,GETVX	;EXIT
  1733  0ae5  fd7e01            	LD	A,(IY+1)
  1734  0ae8  fe29              	CP	')'		;WHOLE ARRAY?
  1735  0aea  28b9              	JR	Z,GETV1
  1736  0aec  d5                	PUSH	DE		;SAVE TYPE
  1737  0aed  7e                	LD	A,(HL)
  1738  0aee  23                	INC	HL
  1739  0aef  66                	LD	H,(HL)
  1740  0af0  6f                	LD	L,A		;INDIRECT LINK
  1741  0af1  e6fe              	AND	0FEH
  1742  0af3  b4                	OR	H
  1743  0af4  28cc              	JR	Z,ARRAY
  1744  0af6  7e                	LD	A,(HL)		;NO. OF DIMENSIONS
  1745  0af7  b7                	OR	A
  1746  0af8  28c8              	JR	Z,ARRAY
  1747  0afa  23                	INC	HL
  1748  0afb  110000            	LD	DE,0		;ACCUMULATOR
  1749  0afe  f5                	PUSH	AF
  1750  0aff  fd23              	INC	IY		;SKIP (
  1751  0b01  e5                GETV3:	PUSH	HL
  1752  0b02  d5                	PUSH	DE
  1753  0b03  cd0000            	CALL	EXPRI		;SUBSCRIPT
  1754  0b06  d9                	EXX
  1755  0b07  d1                	POP	DE
  1756  0b08  e3                	EX	(SP),HL
  1757  0b09  4e                	LD	C,(HL)
  1758  0b0a  23                	INC	HL
  1759  0b0b  46                	LD	B,(HL)
  1760  0b0c  23                	INC	HL
  1761  0b0d  e3                	EX	(SP),HL
  1762  0b0e  eb                	EX	DE,HL
  1763  0b0f  d5                	PUSH	DE
  1764  0b10  cd0000            	CALL	MUL16		;HL=HL*BC
  1765  0b13  d1                	POP	DE
  1766  0b14  19                	ADD	HL,DE
  1767  0b15  eb                	EX	DE,HL
  1768  0b16  b7                	OR	A
  1769  0b17  ed42              	SBC	HL,BC
  1770  0b19  3e0f              	LD	A,15
  1771  0b1b  30a7              	JR	NC,ERROR3	;"Subscript"
  1772  0b1d  e1                	POP	HL
  1773  0b1e  f1                	POP	AF
  1774  0b1f  3d                	DEC	A		;DIMENSION COUNTER
  1775  0b20  201c              	JR	NZ,GETV2
  1776  0b22  cd0000            	CALL	BRAKET		;CLOSING BRACKET
  1777  0b25  f1                	POP	AF		;RESTORE TYPE
  1778  0b26  e5                	PUSH	HL
  1779  0b27  cd0000            	CALL	X14OR5		;DE=DE*n
  1780  0b2a  e1                	POP	HL
  1781  0b2b  19                	ADD	HL,DE
  1782  0b2c  57                	LD	D,A		;TYPE
  1783  0b2d  fd7e00            	LD	A,(IY)
  1784  0b30  fe3f              GETVX:	CP	'?'
  1785  0b32  2826              	JR	Z,GETV9
  1786  0b34  fe21              	CP	'!'
  1787  0b36  281e              	JR	Z,GETV8
  1788  0b38  e5                GETVZ:	PUSH	HL		;SET EXIT CONDITIONS
  1789  0b39  dde1              	POP	IX
  1790  0b3b  7a                	LD	A,D
  1791  0b3c  bf                	CP	A
  1792  0b3d  c9                	RET
  1793                          ;
  1794  0b3e  f5                GETV2:	PUSH	AF
  1795  0b3f  cd0000            	CALL	COMMA
  1796  0b42  18bd              	JR	GETV3
  1797                          ;
  1798                          ;PROCESS UNARY & BINARY INDIRECTION:
  1799                          ;
  1800  0b44  3e04              GETV5:	LD	A,4		;UNARY 32-BIT INDIRN.
  1801  0b46  1809              	JR	GETV7
  1802  0b48  af                GETV6:	XOR	A		;UNARY 8-BIT INDIRECTION
  1803  0b49  1806              	JR	GETV7
  1804  0b4b  3e05              GETVF:	LD	A,5		;VARIANT INDIRECTION
  1805  0b4d  1802              	JR	GETV7
  1806  0b4f  3e80              GETV4:	LD	A,128		;STATIC STRING
  1807  0b51  ed62              GETV7:	SBC	HL,HL
  1808  0b53  f5                	PUSH	AF
  1809  0b54  1815              	JR	GETV0
  1810                          ;
  1811  0b56  0604              GETV8:	LD	B,4		;32-BIT BINARY INDIRN.
  1812  0b58  1802              	JR	GETVA
  1813  0b5a  0600              GETV9:	LD	B,0		;8-BIT BINARY INDIRN.
  1814  0b5c  e5                GETVA:	PUSH	HL
  1815  0b5d  dde1              	POP	IX
  1816  0b5f  7a                	LD	A,D		;TYPE
  1817  0b60  fe81              	CP	129
  1818  0b62  c8                	RET	Z		;STRING!
  1819  0b63  c5                	PUSH	BC
  1820  0b64  cd0000            	CALL	LOADN		;LEFT OPERAND
  1821  0b67  cd0000            	CALL	SFIX
  1822  0b6a  d9                	EXX
  1823  0b6b  e5                GETV0:	PUSH	HL
  1824  0b6c  fd23              	INC	IY
  1825  0b6e  cd0000            	CALL	ITEMI
  1826  0b71  d9                	EXX
  1827  0b72  d1                	POP	DE
  1828  0b73  f1                	POP	AF
  1829  0b74  19                	ADD	HL,DE
  1830  0b75  e5                	PUSH	HL
  1831  0b76  dde1              	POP	IX
  1832  0b78  bf                	CP	A
  1833  0b79  c9                	RET
  1834                          ;
  1835                          ;GETDEF - Find entry for FN or PROC in dynamic area.
  1836                          ;   Inputs: IY addresses byte following "DEF" token.
  1837                          ;  Outputs: Z flag set if found
  1838                          ;           Carry set if neither FN or PROC first.
  1839                          ;           If Z: HL points to entry
  1840                          ;                 IY addresses delimiter
  1841                          ; Destroys: A,D,E,H,L,IY,F
  1842                          ;
  1843  0b7a  fd7e01            GETDEF:	LD	A,(IY+1)
  1844  0b7d  cde00c            	CALL	RANGE1
  1845  0b80  d8                	RET	C
  1846  0b81  fd7e00            	LD	A,(IY)
  1847  0b84  210000            	LD	HL,FNPTR
  1848  0b87  fea4              	CP	TFN
  1849  0b89  2843              	JR	Z,LOC2
  1850  0b8b  210000            	LD	HL,PROPTR
  1851  0b8e  fef2              	CP	TPROC
  1852  0b90  283c              	JR	Z,LOC2
  1853  0b92  37                	SCF
  1854  0b93  c9                	RET
  1855                          ;
  1856                          ;LOCATE - Try to locate variable name in static or
  1857                          ;dynamic variables.  If illegal first character return
  1858                          ;carry, non-zero.  If found, return no-carry, zero.
  1859                          ;If not found, return no-carry, non-zero.
  1860                          ;   Inputs: IY addresses first character of name.
  1861                          ;           A=(IY)
  1862                          ;  Outputs: Z-flag set if found, then:
  1863                          ;            IY addresses terminator
  1864                          ;            HL addresses location of variable
  1865                          ;            D=type of variable:  4 = integer
  1866                          ;                                 5 = floating point
  1867                          ;                               129 = string
  1868                          ; Destroys: A,D,E,H,L,IY,F
  1869                          ;
  1870  0b94  d640              LOCATE:	SUB	'@'
  1871  0b96  d8                	RET	C
  1872  0b97  2600              	LD	H,0
  1873  0b99  fe1b              	CP	'Z'-'@'+1
  1874  0b9b  301d              	JR	NC,LOC0		;NOT STATIC
  1875  0b9d  87                	ADD	A,A
  1876  0b9e  6f                	LD	L,A
  1877  0b9f  fd7e01            	LD	A,(IY+1)	;2nd CHARACTER
  1878  0ba2  fe25              	CP	'%'
  1879  0ba4  2020              	JR	NZ,LOC1		;NOT STATIC
  1880  0ba6  fd7e02            	LD	A,(IY+2)
  1881  0ba9  fe28              	CP	'('
  1882  0bab  2819              	JR	Z,LOC1		;NOT STATIC
  1883  0bad  29                	ADD	HL,HL
  1884  0bae  110000            	LD	DE,STAVAR	;STATIC VARIABLES
  1885  0bb1  19                	ADD	HL,DE
  1886  0bb2  fd23              	INC	IY
  1887  0bb4  fd23              	INC	IY
  1888  0bb6  1604              	LD	D,4		;INTEGER TYPE
  1889  0bb8  af                	XOR	A
  1890  0bb9  c9                	RET
  1891                          ;
  1892  0bba  fe1f              LOC0:	CP	'_'-'@'
  1893  0bbc  d8                	RET	C
  1894  0bbd  fe3b              	CP	'z'-'@'+1
  1895  0bbf  3f                	CCF
  1896  0bc0  3d                	DEC	A		;SET NZ
  1897  0bc1  d8                	RET	C
  1898  0bc2  d603              	SUB	3
  1899  0bc4  87                	ADD	A,A
  1900  0bc5  6f                	LD	L,A
  1901  0bc6  110000            LOC1:	LD	DE,DYNVAR	;DYNAMIC VARIABLES
  1902  0bc9  2d                	DEC	L
  1903  0bca  2d                	DEC	L
  1904  0bcb  37                	SCF
  1905  0bcc  f8                	RET	M
  1906  0bcd  19                	ADD	HL,DE
  1907  0bce  5e                LOC2:	LD	E,(HL)
  1908  0bcf  23                	INC	HL
  1909  0bd0  56                	LD	D,(HL)
  1910  0bd1  7a                	LD	A,D
  1911  0bd2  b3                	OR	E
  1912  0bd3  2849              	JR	Z,LOC6		;UNDEFINED VARIABLE
  1913  0bd5  62                	LD	H,D
  1914  0bd6  6b                	LD	L,E
  1915  0bd7  23                	INC	HL		;SKIP LINK
  1916  0bd8  23                	INC	HL
  1917  0bd9  fde5              	PUSH	IY
  1918  0bdb  7e                LOC3:	LD	A,(HL)		;COMPARE
  1919  0bdc  23                	INC	HL
  1920  0bdd  fd23              	INC	IY
  1921  0bdf  fdbe00            	CP	(IY)
  1922  0be2  28f7              	JR	Z,LOC3
  1923  0be4  b7                	OR	A		;0=TERMINATOR
  1924  0be5  2805              	JR	Z,LOC5		;FOUND (MAYBE)
  1925  0be7  fde1              LOC4:	POP	IY
  1926  0be9  eb                	EX	DE,HL
  1927  0bea  18e2              	JR	LOC2		;TRY NEXT ENTRY
  1928                          ;
  1929  0bec  fd2b              LOC5:	DEC	IY
  1930  0bee  fd7e00            	LD	A,(IY)
  1931  0bf1  fe28              	CP	'('
  1932  0bf3  2813              	JR	Z,LOCX		;FOUND
  1933  0bf5  fd23              	INC	IY
  1934  0bf7  cdd30c            	CALL	RANGE
  1935  0bfa  380c              	JR	C,LOCX		;FOUND
  1936  0bfc  fe28              	CP	'('
  1937  0bfe  28e7              	JR	Z,LOC4		;KEEP LOOKING
  1938  0c00  fd7eff            	LD	A,(IY-1)
  1939  0c03  cde00c            	CALL	RANGE1
  1940  0c06  30df              	JR	NC,LOC4		;KEEP LOOKING
  1941  0c08  d1                LOCX:	POP	DE
  1942  0c09  fd7eff            TYPE:	LD	A,(IY-1)
  1943  0c0c  fe24              	CP	'$'
  1944  0c0e  1681              	LD	D,129
  1945  0c10  c8                	RET	Z		;STRING
  1946  0c11  fe26              	CP	'&'
  1947  0c13  1601              	LD	D,1
  1948  0c15  c8                	RET	Z		;BYTE
  1949  0c16  fe25              	CP	'%'
  1950  0c18  1604              	LD	D,4
  1951  0c1a  c8                	RET	Z		;INTEGER
  1952  0c1b  14                	INC	D
  1953  0c1c  bf                	CP	A
  1954  0c1d  c9                	RET
  1955                          ;
  1956  0c1e  3c                LOC6:	INC	A		;SET NZ
  1957  0c1f  c9                	RET
  1958                          ;
  1959                          ;CREATE - CREATE NEW ENTRY, INITIALISE TO ZERO.
  1960                          ;   Inputs: HL, IY as returned from LOCATE (NZ).
  1961                          ;  Outputs: As LOCATE, GETDEF.
  1962                          ; Destroys: As LOCATE, GETDEF.
  1963                          ;
  1964  0c20  af                CREATE:	XOR	A
  1965  0c21  ed5b0000          	LD	DE,(FREE)
  1966  0c25  72                	LD	(HL),D
  1967  0c26  2b                	DEC	HL
  1968  0c27  73                	LD	(HL),E
  1969  0c28  eb                	EX	DE,HL
  1970  0c29  77                	LD	(HL),A
  1971  0c2a  23                	INC	HL
  1972  0c2b  77                	LD	(HL),A
  1973  0c2c  23                	INC	HL
  1974  0c2d  fd23              LOC7:	INC	IY
  1975  0c2f  cdd30c            	CALL	RANGE		;END OF VARIABLE?
  1976  0c32  3814              	JR	C,LOC8
  1977  0c34  77                	LD	(HL),A
  1978  0c35  23                	INC	HL
  1979  0c36  cde00c            	CALL	RANGE1
  1980  0c39  30f2              	JR	NC,LOC7
  1981  0c3b  fe28              	CP	'('
  1982  0c3d  2809              	JR	Z,LOC8
  1983  0c3f  fd7e01            	LD	A,(IY+1)
  1984  0c42  fe28              	CP	'('
  1985  0c44  28e7              	JR	Z,LOC7
  1986  0c46  fd23              	INC	IY
  1987  0c48  3600              LOC8:	LD	(HL),0		;TERMINATOR
  1988  0c4a  23                	INC	HL
  1989  0c4b  e5                	PUSH	HL
  1990  0c4c  cd090c            	CALL	TYPE
  1991  0c4f  fd7e00            	LD	A,(IY)
  1992  0c52  fe28              	CP	'('
  1993  0c54  3e02              	LD	A,2		;SIZE OF INDIRECT LINK
  1994  0c56  2807              	JR	Z,LOC9
  1995  0c58  7a                	LD	A,D
  1996  0c59  b7                	OR	A		;STRING?
  1997  0c5a  f25f0c            	JP	P,LOC9
  1998  0c5d  3e04              	LD	A,4
  1999  0c5f  3600              LOC9:	LD	(HL),0		;INITIALISE TO ZERO
  2000  0c61  23                	INC	HL
  2001  0c62  3d                	DEC	A
  2002  0c63  20fa              	JR	NZ,LOC9
  2003  0c65  220000            	LD	(FREE),HL
  2004  0c68  cd0000            	CALL	CHECK
  2005  0c6b  e1                	POP	HL
  2006  0c6c  af                	XOR	A
  2007  0c6d  c9                	RET
  2008                          ;
  2009                          ;LINNUM - GET LINE NUMBER FROM TEXT STRING
  2010                          ;   Inputs: IY = Text Pointer
  2011                          ;  Outputs: HL = Line number (zero if none)
  2012                          ;           IY updated
  2013                          ; Destroys: A,D,E,H,L,IY,F
  2014                          ;
  2015  0c6e  cdec0d            LINNUM:	CALL	NXT
  2016  0c71  210000            	LD	HL,0
  2017  0c74  fd7e00            LINNM1:	LD	A,(IY)
  2018  0c77  d630              	SUB	'0'
  2019  0c79  d8                	RET	C
  2020  0c7a  fe0a              	CP	10
  2021  0c7c  d0                	RET	NC
  2022  0c7d  fd23              	INC	IY
  2023  0c7f  54                	LD	D,H
  2024  0c80  5d                	LD	E,L
  2025  0c81  29                	ADD	HL,HL		;*2
  2026  0c82  380f              	JR	C,TOOBIG
  2027  0c84  29                	ADD	HL,HL		;*4
  2028  0c85  380c              	JR	C,TOOBIG
  2029  0c87  19                	ADD	HL,DE		;*5
  2030  0c88  3809              	JR	C,TOOBIG
  2031  0c8a  29                	ADD	HL,HL		;*10
  2032  0c8b  3806              	JR	C,TOOBIG
  2033  0c8d  5f                	LD	E,A
  2034  0c8e  1600              	LD	D,0
  2035  0c90  19                	ADD	HL,DE		;ADD IN DIGIT
  2036  0c91  30e1              	JR	NC,LINNM1
  2037  0c93  3e14              TOOBIG:	LD	A,20
  2038  0c95  c31e08            	JP	ERROR		;"Too big"
  2039                          ;
  2040                          ;PAIR - GET PAIR OF LINE NUMBERS FOR RENUMBER/AUTO.
  2041                          ;   Inputs: IY = text pointer
  2042                          ;  Outputs: HL = first number (10 by default)
  2043                          ;           BC = second number (10 by default)
  2044                          ; Destroys: A,B,C,D,E,H,L,B',C',D',E',H',L',IY,F
  2045                          ;
  2046  0c98  cd6e0c            PAIR:	CALL	LINNUM		;FIRST
  2047  0c9b  7c                	LD	A,H
  2048  0c9c  b5                	OR	L
  2049  0c9d  2002              	JR	NZ,PAIR1
  2050  0c9f  2e0a              	LD	L,10
  2051  0ca1  cd0000            PAIR1:	CALL	TERMQ
  2052  0ca4  fd23              	INC	IY
  2053  0ca6  e5                	PUSH	HL
  2054  0ca7  210a00            	LD	HL,10
  2055  0caa  c46e0c            	CALL	NZ,LINNUM	;SECOND
  2056  0cad  e3                	EX	(SP),HL
  2057  0cae  c1                	POP	BC
  2058  0caf  78                	LD	A,B
  2059  0cb0  b1                	OR	C
  2060  0cb1  c0                	RET	NZ
  2061  0cb2  cd2f08            	CALL	EXTERR
  2062  0cb5  53696c6c79        	DEFM	"Silly"
  2063  0cba  00                	DEFB	0
  2064                          ;
  2065                          ;DLPAIR - GET PAIR OF LINE NUMBERS FOR DELETE/LIST.
  2066                          ;   Inputs: IY = text pointer
  2067                          ;  Outputs: HL = points to program text
  2068                          ;           BC = second number (0 by default)
  2069                          ; Destroys: A,B,C,D,E,H,L,IY,F
  2070                          ;
  2071  0cbb  cd6e0c            DLPAIR:	CALL	LINNUM
  2072  0cbe  e5                	PUSH	HL
  2073  0cbf  cd0000            	CALL	TERMQ
  2074  0cc2  2809              	JR	Z,DLP1
  2075  0cc4  fee7              	CP	TIF
  2076  0cc6  2805              	JR	Z,DLP1
  2077  0cc8  fd23              	INC	IY
  2078  0cca  cd6e0c            	CALL	LINNUM
  2079  0ccd  e3                DLP1:	EX	(SP),HL
  2080  0cce  cd210a            	CALL	FINDL
  2081  0cd1  c1                	POP	BC
  2082  0cd2  c9                	RET
  2083                          ;
  2084                          ;TEST FOR VALID CHARACTER IN VARIABLE NAME:
  2085                          ;   Inputs: IY addresses character
  2086                          ;  Outputs: Carry set if out-of-range.
  2087                          ; Destroys: A,F
  2088                          ;
  2089  0cd3  fd7e00            RANGE:	LD	A,(IY)
  2090  0cd6  fe24              	CP	'$'
  2091  0cd8  d8                	RET	C
  2092  0cd9  fe27              	CP	'&'+1
  2093  0cdb  3f                	CCF
  2094  0cdc  d0                	RET	NC
  2095  0cdd  fe28              	CP	'('
  2096  0cdf  c8                	RET	Z
  2097  0ce0  fe30              RANGE1:	CP	'0'
  2098  0ce2  d8                	RET	C
  2099  0ce3  fe3a              	CP	'9'+1
  2100  0ce5  3f                	CCF
  2101  0ce6  d0                	RET	NC
  2102  0ce7  fe40              	CP	'@'		;V2.4
  2103  0ce9  c8                	RET	Z
  2104  0cea  fe41              RANGE2:	CP	'A'
  2105  0cec  d8                	RET	C
  2106  0ced  fe5b              	CP	'Z'+1
  2107  0cef  3f                	CCF
  2108  0cf0  d0                	RET	NC
  2109  0cf1  fe5f              	CP	'_'
  2110  0cf3  d8                	RET	C
  2111  0cf4  fe7b              	CP	'z'+1
  2112  0cf6  3f                	CCF
  2113  0cf7  c9                	RET
  2114                          ;
  2115                          ;LEXAN - LEXICAL ANALYSIS.
  2116                          ;  Bit 0,C: 1=left, 0=right
  2117                          ;  Bit 3,C: 1=in HEX
  2118                          ;  Bit 4,C: 1=accept line number
  2119                          ;  Bit 5,C: 1=in variable, FN, PROC
  2120                          ;  Bit 6,C: 1=in REM, DATA, *
  2121                          ;  Bit 7,C: 1=in quotes
  2122                          ;   Inputs: IY addresses source string
  2123                          ;           DE addresses destination string
  2124                          ;           (must be page boundary)
  2125                          ;           C  sets initial mode
  2126                          ;  Outputs: DE, IY updated
  2127                          ;           A holds carriage return
  2128                          ;
  2129  0cf8  12                LEXAN1:	LD	(DE),A		;TRANSFER TO BUFFER
  2130  0cf9  13                	INC	DE		;INCREMENT POINTERS
  2131  0cfa  fd23              	INC	IY
  2132                          LEXAN2:
  2133  0cfc  7b                	LD	A,E		;MAIN ENTRY
  2134  0cfd  fefc              	CP	252		;TEST LENGTH
  2135  0cff  3e13              	LD	A,19
  2136  0d01  d21e08            	JP	NC,ERROR	;'String too long'
  2137  0d04  fd7e00            	LD	A,(IY)
  2138  0d07  fe0d              	CP	CR
  2139  0d09  c8                	RET	Z		;END OF LINE
  2140  0d0a  cde00c            	CALL	RANGE1
  2141  0d0d  3004              	JR	NC,LEXAN3
  2142  0d0f  cba9              	RES	5,C		;NOT IN VARIABLE
  2143  0d11  cb99              	RES	3,C		;NOT IN HEX
  2144  0d13  fe20              LEXAN3:	CP	' '
  2145  0d15  28e1              	JR	Z,LEXAN1	;PASS SPACES
  2146  0d17  fe2c              	CP	','
  2147  0d19  28dd              	JR	Z,LEXAN1	;PASS COMMAS
  2148  0d1b  fe47              	CP	'G'
  2149  0d1d  3802              	JR	C,LEXAN4
  2150  0d1f  cb99              	RES	3,C		;NOT IN HEX
  2151  0d21  fe22              LEXAN4:	CP	'"'
  2152  0d23  2005              	JR	NZ,LEXAN5
  2153  0d25  cb11              	RL	C
  2154  0d27  3f                	CCF			;TOGGLE C7
  2155  0d28  cb19              	RR	C
  2156  0d2a  cb61              LEXAN5:	BIT	4,C
  2157  0d2c  2810              	JR	Z,LEXAN6
  2158  0d2e  cba1              	RES	4,C
  2159  0d30  c5                	PUSH	BC
  2160  0d31  d5                	PUSH	DE
  2161  0d32  cd6e0c            	CALL	LINNUM		;GET LINE NUMBER
  2162  0d35  d1                	POP	DE
  2163  0d36  c1                	POP	BC
  2164  0d37  7c                	LD	A,H
  2165  0d38  b5                	OR	L
  2166  0d39  c4a30d            	CALL	NZ,ENCODE	;ENCODE LINE NUMBER
  2167  0d3c  18be              	JR	LEXAN2		;CONTINUE
  2168                          ;
  2169  0d3e  0d                LEXAN6:	DEC	C
  2170  0d3f  2809              	JR	Z,LEXAN7	;C=1 (LEFT)
  2171  0d41  0c                	INC	C
  2172  0d42  20b4              	JR	NZ,LEXAN1
  2173  0d44  b7                	OR	A
  2174  0d45  f47d08            	CALL	P,LEX		;TOKENISE IF POSS.
  2175  0d48  1816              	JR	LEXAN8
  2176                          ;
  2177  0d4a  fe2a              LEXAN7:	CP	'*'
  2178  0d4c  2816              	JR	Z,LEXAN9
  2179  0d4e  b7                	OR	A
  2180  0d4f  f47d08            	CALL	P,LEX		;TOKENISE IF POSS.
  2181  0d52  fedc              	CP	TDATA
  2182  0d54  280e              	JR	Z,LEXAN9
  2183  0d56  fe8f              	CP	TOKLO
  2184  0d58  3806              	JR	C,LEXAN8
  2185  0d5a  fe94              	CP	TOKHI+1
  2186  0d5c  3002              	JR	NC,LEXAN8
  2187  0d5e  c640              	ADD	A,OFFSET	;LEFT VERSION
  2188  0d60  fef4              LEXAN8:	CP	TREM
  2189  0d62  2002              	JR	NZ,LEXANA
  2190  0d64  cbf1              LEXAN9:	SET	6,C		;QUIT TOKENISING
  2191  0d66  fea4              LEXANA:	CP	TFN
  2192  0d68  2809              	JR	Z,LEXANB
  2193  0d6a  fef2              	CP	TPROC
  2194  0d6c  2805              	JR	Z,LEXANB
  2195  0d6e  cdea0c            	CALL	RANGE2
  2196  0d71  3802              	JR	C,LEXANC
  2197  0d73  cbe9              LEXANB:	SET	5,C		;IN VARIABLE/FN/PROC
  2198  0d75  fe26              LEXANC:	CP	'&'
  2199  0d77  2002              	JR	NZ,LEXAND
  2200  0d79  cbd9              	SET	3,C		;IN HEX
  2201  0d7b  219a0d            LEXAND:	LD	HL,LIST1
  2202  0d7e  c5                	PUSH	BC
  2203  0d7f  010600            	LD	BC,LIST1L
  2204  0d82  edb1              	CPIR
  2205  0d84  c1                	POP	BC
  2206  0d85  2002              	JR	NZ,LEXANE
  2207  0d87  cbe1              	SET	4,C		;ACCEPT LINE NUMBER
  2208  0d89  219e0d            LEXANE:	LD	HL,LIST2
  2209  0d8c  c5                	PUSH	BC
  2210  0d8d  010500            	LD	BC,LIST2L
  2211  0d90  edb1              	CPIR
  2212  0d92  c1                	POP	BC
  2213  0d93  2002              	JR	NZ,LEXANF
  2214  0d95  cbc1              	SET	0,C		;ENTER LEFT MODE
  2215  0d97  c3f80c            LEXANF:	JP	LEXAN1
  2216                          ;
  2217  0d9a  e5                LIST1:	DEFB	TGOTO
  2218  0d9b  e4                	DEFB	TGOSUB
  2219  0d9c  f7                	DEFB	TRESTORE
  2220  0d9d  fc                	DEFB	TTRACE
  2221  0d9e  8c                LIST2:	DEFB	TTHEN
  2222  0d9f  8b                	DEFB	TELSE
  2223                          LIST1L	EQU	$-LIST1
  2224  0da0  f5                	DEFB	TREPEAT
  2225  0da1  85                	DEFB	TERROR
  2226  0da2  3a                	DEFB	':'
  2227                          LIST2L	EQU	$-LIST2
  2228                          ;
  2229                          ;ENCODE - ENCODE LINE NUMBER INTO PSEUDO-BINARY FORM.
  2230                          ;   Inputs: HL=line number, DE=string pointer
  2231                          ;  Outputs: DE updated, BIT 4,C set.
  2232                          ; Destroys: A,B,C,D,E,H,L,F
  2233                          ;
  2234  0da3  cbe1              ENCODE:	SET	4,C
  2235  0da5  eb                	EX	DE,HL
  2236  0da6  368d              	LD	(HL),TLINO
  2237  0da8  23                	INC	HL
  2238  0da9  7a                	LD	A,D
  2239  0daa  e6c0              	AND	0C0H
  2240  0dac  0f                	RRCA
  2241  0dad  0f                	RRCA
  2242  0dae  47                	LD	B,A
  2243  0daf  7b                	LD	A,E
  2244  0db0  e6c0              	AND	0C0H
  2245  0db2  b0                	OR	B
  2246  0db3  0f                	RRCA
  2247  0db4  0f                	RRCA
  2248  0db5  ee54              	XOR	01010100B
  2249  0db7  77                	LD	(HL),A
  2250  0db8  23                	INC	HL
  2251  0db9  7b                	LD	A,E
  2252  0dba  e63f              	AND	3FH
  2253  0dbc  f640              	OR	'@'
  2254  0dbe  77                	LD	(HL),A
  2255  0dbf  23                	INC	HL
  2256  0dc0  7a                	LD	A,D
  2257  0dc1  e63f              	AND	3FH
  2258  0dc3  f640              	OR	'@'
  2259  0dc5  77                	LD	(HL),A
  2260  0dc6  23                	INC	HL
  2261  0dc7  eb                	EX	DE,HL
  2262  0dc8  c9                	RET
  2263                          ;
  2264                          ;TEXT - OUTPUT MESSAGE.
  2265                          ;   Inputs: HL addresses text (terminated by nul)
  2266                          ;  Outputs: HL addresses character following nul.
  2267                          ; Destroys: A,H,L,F
  2268                          ;
  2269  0dc9  2a0000            REPORT:	LD	HL,(ERRTXT)
  2270  0dcc  7e                TEXT:	LD	A,(HL)
  2271  0dcd  23                	INC	HL
  2272  0dce  b7                	OR	A
  2273  0dcf  c8                	RET	Z
  2274  0dd0  fe0a              	CP	LF
  2275  0dd2  2805              	JR	Z,TEXTLF	;Token for TINT
  2276  0dd4  cdf509            	CALL	OUT
  2277  0dd7  18f3              	JR	TEXT
  2278                          ;
  2279  0dd9  cddc09            TEXTLF:	CALL	OUTCHR
  2280  0ddc  18ee              	JR	TEXT
  2281                          ;
  2282                          ;TELL - OUTPUT MESSAGE.
  2283                          ;   Inputs: Text follows subroutine call (term=nul)
  2284                          ; Destroys: A,F
  2285                          ;
  2286                          
  2287                          ;文字列出力
  2288  0dde  c30000            TELL:	JP STRPUT
  2289                          
  2290                          ;
  2291                          ; NLIST - Check for end of list
  2292                          ;
  2293  0de1  cdec0d            NLIST:	CALL	NXT
  2294  0de4  fe2c              	CP	','		;ANOTHER VARIABLE?
  2295  0de6  280a              	JR	Z,NXT1
  2296  0de8  c1                	POP	BC		;DITCH RETURN ADDRESS
  2297  0de9  c30000            	JP	XEQ
  2298                          ;
  2299  0dec  fd7e00            NXT:	LD	A,(IY)
  2300  0def  fe20              	CP	' '
  2301  0df1  c0                	RET	NZ
  2302  0df2  fd23              NXT1:	INC	IY
  2303  0df4  18f6              	JR	NXT
  2304                          ;
  2305                          STARTMSG:
  2306  0df6  4242432042415349  VERMSG:	DEFM	"BBC BASIC (Z80) Version 5.00  "
              4320285a38302920  
              56657273696f6e20  
              352e30302020      
  2307  0e14  0d                	DEFB	CR
  2308  0e15  0a                	DEFB	LF
  2309  0e16  28432920436f7079  NOTICE:	DEFM	"(C) Copyright R.T.Russell 2025"
              726967687420522e  
              542e52757373656c  
              6c2032303235      
  2310  0e34  0d                	DEFB	CR
  2311  0e35  0a                	DEFB	LF
  2312  0e36  4d6f646966696564  NOTICE2:	DEFM "Modified for MSX2 by MZ80K-USER-OLD 2026"
              20666f72204d5358  
              32206279204d5a38  
              304b2d555345522d  
              4f4c442032303236  
  2313  0e5e  0d                	DEFB	CR
  2314  0e5f  0a                	DEFB	LF
  2315  0e60  00                	DEFB	0
  2316                          STACKMSG:
  2317  0e61  535441434b20544f  	DEFB 	"STACK TOP ADDRESS: "
              5020414444524553  
              533a20            
  2318  0e74  00                	DEFB	 0
  2319                          	;END	START
  2320                          
